"MLog","TransDate","Reason","FromFac","ToFac","VetID","Weight","EstW","WDate","Length","EstL","LDate","Comments","CreateBy","CreateDate","UpdateBy","UpdateDate"
6,1999-05-11 00:00:00.000,Buddy,LPZ,MSQ,dmurphy,107,U,,0,U,,"MSTm9903, Tank mate for animal a Miami Seaquarium",jhackshaw,1999-05-11 00:00:00.000,D,2009-07-09 13:59:06.690
161,1988-02-10 00:00:00.000,Unk,SWF,HSSWP,mwalsh,,N,,,N,,,rrunnells,2009-07-09 13:59:06.690,D,2009-07-09 13:59:06.690
170,1993-06-24 00:00:00.000,Prep,MSQ,HSSWP,gbossart,840,N,,293,N,,For future release,jhoyo,1993-06-23 00:00:00.000,D,2009-07-09 13:59:06.690
170,1994-07-14 00:00:00.000,Prep,HSSWP,LPZ,mlowe,0,U,,302,N,,Pending results of pre release bloodwork,slieb,1994-07-07 00:00:00.000,D,2009-07-09 13:59:06.690
184,1993-11-23 00:00:00.000,Prep,MSQ,HSSWP,gbossart,863,N,,300,N,,For future release,jhoyo,1993-11-16 00:00:00.000,D,2009-07-09 13:59:06.690
184,1995-08-31 00:00:00.000,Prep,HSSWP,LPZ,gbossart,590,Y,,0,U,,Prepare for release,gbossart,2009-07-09 13:59:06.690,D,2009-07-09 13:59:06.690
197,1988-02-09 00:00:00.000,Unk,SWF,HSSWP,mwalsh,,N,,,N,,,bwagoner,2009-07-09 13:59:06.690,D,2009-07-09 13:59:06.690
200,1998-03-08 00:00:00.000,Room,SWF,SWC,mwalsh,504,N,,304,N,,To create rehab space at the Sea World of Florida as agreed in LOA,jpearson,1998-01-08 00:00:00.000,D,2009-07-09 13:59:06.690
200,2005-08-28 00:00:00.000,Mgmt,SWC,CIN,Unk,761,N,2005-12-28 00:00:00.000,0,U,2005-08-28 00:00:00.000,,mnoell,2006-01-13 00:00:00.000,D,2009-07-09 13:59:06.690
200,2009-10-17 00:00:00.000,Mgmt,CIN,LPZ,mcampbell,913,N,2009-09-22 00:00:00.000,365,N,2009-10-07 00:00:00.000,"Transfer went very well. Both animals flown from Cincinnati, OH to St. Pete, FL. Picked up by Lowry Park Zoo staff. ",mcampbell,2009-10-19 12:57:44.477,D,2009-10-19 12:57:44.477
200,2013-11-19 00:00:00.000,Buddy,SWF,LVS,sgearhart,666,N,2013-11-07 00:00:00.000,323,N,2013-11-07 00:00:00.000,The Living Seas staff will transport Lil Joe back from SWF to their facility on Tuesday (11/19/13) to be a companion animal for Lou.,bwagoner,2013-11-14 14:50:16.390,D,2013-11-14 14:50:16.390
211,1990-02-25 00:00:00.000,Med,HSSWP,SWF,mwalsh,36,N,,131,N,,For treatment,bwagoner,1995-06-02 00:00:00.000,D,2009-07-09 13:59:06.690
211,1995-08-17 00:00:00.000,Prep,SWF,HSSWP,mwalsh,611,N,,295,N,,Staging for future release.,bwagoner,1995-06-02 00:00:00.000,D,2009-07-09 13:59:06.690
223,1993-06-24 00:00:00.000,Prep,MSQ,HSSWP,gbossart,363,N,,262,N,,For future release,tlinley,1993-06-18 00:00:00.000,D,2009-07-09 13:59:06.690
223,1994-07-14 00:00:00.000,Prep,HSSWP,LPZ,mlowe,0,U,,281,N,,Pending results of pre release bloodwork,slieb,1994-07-07 00:00:00.000,D,2009-07-09 13:59:06.690
237,1984-08-04 00:00:00.000,Unk,MSQ,HSSWP,Unk,,N,,,N,,,unk,2009-07-09 13:59:06.690,D,2009-07-09 13:59:06.690
239,1994-08-16 00:00:00.000,Prep,SWF,MINWR,mwalsh,,N,,,N,,Temporary holding for direct release upon approval.,bwagoner,1995-03-20 00:00:00.000,D,2009-07-09 13:59:06.690
239,1994-09-15 00:00:00.000,Prep,MINWR,SWF,mwalsh,,N,,,N,,Temporary holding for direct release upon approval.,bwagoner,1995-03-20 00:00:00.000,D,2009-07-09 13:59:06.690
239,1995-05-01 00:00:00.000,Prep,SWF,MINWR,mwalsh,409,N,,284,N,,Temporary holding for direct release upon approval.,bwagoner,1995-03-20 00:00:00.000,D,2009-07-09 13:59:06.690
241,1998-01-25 00:00:00.000,Room,SWF,SWC,mwalsh,375,N,,285,N,,To create rehab space at Sea World Florida as agreed in LOA.,jpearson,1998-01-08 00:00:00.000,D,2009-07-09 13:59:06.690
241,2001-04-07 00:00:00.000,Prep,SWC,SWF,Unk,547,N,2001-03-23 00:00:00.000,287,N,2001-03-23 00:00:00.000,,unk,2009-07-09 13:59:06.690,D,2009-07-09 13:59:06.690
244,1991-11-15 00:00:00.000,Prep,LPZ,HSSWP,dmurphy,378,Y,,260,Y,,Relocation to prepare for release,lsalisbury,1991-11-05 00:00:00.000,D,2009-07-09 13:59:06.690
247,1984-08-04 00:00:00.000,Unk,MSQ,HSSWP,Unk,,N,,,N,,,unk,2009-07-09 13:59:06.690,D,2009-07-09 13:59:06.690
258,1986-07-14 00:00:00.000,Mgmt,MSQ,HSSWP,gbossart,,N,,,N,,"992027, segregation",jcaron,2009-07-09 13:59:06.690,D,2009-07-09 13:59:06.690
258,1992-04-16 00:00:00.000,Unk,HSSWP,LPZ,mlowe,,N,,,N,,"992027",tlinley,2009-07-09 13:59:06.690,D,2009-07-09 13:59:06.690
258,1993-04-14 00:00:00.000,Mgmt,LPZ,LVS,dmurphy,550,N,,280,N,,"992027, Per request of Lowry Park Zoo",lsalisbury,1993-04-07 00:00:00.000,D,2009-07-09 13:59:06.690
258,1999-05-17 00:00:00.000,Unk,LVS,SWF,mwalsh,,N,,,N,,"992027",mcampbell,2009-07-09 13:59:06.690,D,2009-07-09 13:59:06.690
258,1999-06-06 00:00:00.000,Room,SWF,COL,mwalsh,0,U,,320,N,,To help create room in the Florida Rehab Centers as agreed in LOA,bwagoner,1999-06-01 00:00:00.000,D,2009-07-09 13:59:06.690
258,2004-01-09 00:00:00.000,Buddy,COL,CIN,Unk,600,N,2004-01-04 00:00:00.000,332,N,2003-09-09 00:00:00.000,,dwarmolts,2004-01-12 00:00:00.000,D,2009-07-09 13:59:06.690
258,2004-07-10 00:00:00.000,Med,CIN,LPZ,mcampbell,,N,,,N,,,nadimey,2004-09-26 00:00:00.000,D,2009-07-09 13:59:06.690
261,1995-07-12 00:00:00.000,Prep,MSQ,MINWR,mrenner,297,N,,244,N,,Preparation for release,boucher,1995-07-07 00:00:00.000,D,2009-07-09 13:59:06.690
264,1980-03-18 00:00:00.000,Unk,SWF,Marineland,mwalsh,,N,,,N,,,bwagoner,2009-07-09 13:59:06.690,D,2009-07-09 13:59:06.690
264,1980-12-23 00:00:00.000,Unk,Marineland,HSSWP,mwalsh,,N,,,N,,,bwagoner,2009-07-09 13:59:06.690,D,2009-07-09 13:59:06.690
267,1986-07-14 00:00:00.000,Unk,MSQ,HSSWP,gbossart,,N,,,N,,,jcaron,2009-07-09 13:59:06.690,D,2009-07-09 13:59:06.690
267,1990-12-27 00:00:00.000,Med,HSSWP,LPZ,mlowe,409,N,,275,N,,Surgical,tlinley,2009-07-09 13:59:06.690,D,2009-07-09 13:59:06.690
267,1993-04-14 00:00:00.000,Unk,LPZ,LVS,dmurphy,418,N,,261,N,,,cabby,1993-04-07 00:00:00.000,D,2009-07-09 13:59:06.690
267,1996-05-02 00:00:00.000,Unk,LPZ,MOTE,dmurphy,680,N,,295,N,,,cabby,1996-05-02 00:00:00.000,D,2009-07-09 13:59:06.690
274,1994-08-30 00:00:00.000,Prep,SWF,MINWR,tcampbell,306,N,,238,N,,To acclimate him for possible future release,bwagoner,1994-08-29 00:00:00.000,D,2009-07-09 13:59:06.690
274,1994-09-15 00:00:00.000,Unk,MINWR,SWF,tcampbell,325,N,,266,N,,,bwagoner,1992-02-05 00:00:00.000,D,2009-07-09 13:59:06.690
275,1992-11-06 00:00:00.000,Buddy,LPZ,HSSWP,dmurphy,359,N,,225,N,,Socialize with other females/reassess in 5 months.,lsalisbury,1992-10-30 00:00:00.000,D,2009-07-09 13:59:06.690
275,1993-05-06 00:00:00.000,Prep,HSSWP,LPZ,dmurphy,363,N,,154,N,,Physical prior to release,lsalisbury,1993-04-27 00:00:00.000,D,2009-07-09 13:59:06.690
276,1986-07-14 00:00:00.000,Room,MSQ,HSSWP,mlowe,,N,,,N,,make toon at critical care facility,tlinley,2009-07-09 13:59:06.690,D,2009-07-09 13:59:06.690
276,2000-04-16 00:00:00.000,Mgmt,HSSWP,LPZ,dmurphy,,N,,,N,,long term care,jhackshaw,2009-07-09 13:59:06.690,D,2009-07-09 13:59:06.690
279,1993-11-23 00:00:00.000,Prep,MSQ,HSSWP,gbossart,318,N,,234,N,,"SWFTm9204B, For future release",jhoyo,1993-11-16 00:00:00.000,D,2009-07-09 13:59:06.690
279,1994-03-22 00:00:00.000,Unk,HSSWP,SWF,mlowe,295,U,,240,U,,,tlinley,2009-07-09 13:59:06.690,D,2009-07-09 13:59:06.690
279,1994-04-28 00:00:00.000,Med,SWF,HSSWP,tcampbell,272,N,,207,N,,"SWFTm9204B, Animal transferred from Homossasa Springs to SWF for treatment",bwagoner,1994-04-25 00:00:00.000,D,2009-07-09 13:59:06.690
279,1995-08-31 00:00:00.000,Prep,HSSWP,LPZ,mlowe,363,Y,,0,U,,"SWFTm9204B, Prepare for release",tlinley,2009-07-09 13:59:06.690,D,2009-07-09 13:59:06.690
280,1993-06-24 00:00:00.000,Prep,MSQ,HSSWP,gbossart,253,N,,205,N,,For future release,jhoyo,1993-06-23 00:00:00.000,D,2009-07-09 13:59:06.690
280,1994-07-14 00:00:00.000,Prep,HSSWP,LPZ,mlowe,328,U,,246,U,,Prepare for releease,tlinley,2009-07-09 13:59:06.690,D,2009-07-09 13:59:06.690
282,1995-06-01 00:00:00.000,Unk,HSSWP,MINWR,mlowe,363,Y,,250,N,,,jkraus,1995-05-26 00:00:00.000,D,2009-07-09 13:59:06.690
282,1995-06-28 00:00:00.000,Unk,MINWR,SWF,Unk,,N,,,N,,,unk,2009-07-09 13:59:06.690,D,2009-07-09 13:59:06.690
285,1991-10-21 00:00:00.000,Mgmt,SWF,LPZ,mwalsh,347,Y,,285,N,,Separation to alleviate breeding and inbreeding,jpearson,1991-10-16 00:00:00.000,D,2009-07-09 13:59:06.690
285,1999-05-18 00:00:00.000,Room,LPZ,SWF,dmurphy,133,N,1999-05-18 00:00:00.000,1100,N,1999-05-18 00:00:00.000,Hold before transfer to Columbus Zoo.,jhackshaw,1999-02-25 00:00:00.000,nadimey,2009-08-19 13:40:17.323
285,1999-06-06 00:00:00.000,Room,SWF,COL,mwalsh,0,U,,296,U,,To help create room in the Florida Rehab centers as agreed in LOA,bwagoner,1999-06-01 00:00:00.000,D,2009-07-09 13:59:06.690
285,2002-11-04 00:00:00.000,Buddy,COL,CIN,Unk,693,N,2003-09-25 00:00:00.000,330,N,2003-09-25 00:00:00.000,,dwarmolts,2002-11-20 00:00:00.000,D,2009-07-09 13:59:06.690
285,2003-12-15 00:00:00.000,Mgmt,CIN,COL,mcampbell,,N,,,N,,animals incompatible,nadimey,2003-09-26 00:00:00.000,D,2009-07-09 13:59:06.690
285,2005-05-15 00:00:00.000,Prep,COL,LPZ,Unk,765,N,2005-07-28 00:00:00.000,338,N,2005-07-28 00:00:00.000,,dwarmolts,2005-08-01 00:00:00.000,D,2009-07-09 13:59:06.690
286,1993-01-07 00:00:00.000,Med,LPZ,HSSWP,Unk,,N,,,N,,To attach to a lactating female,unk,2009-07-09 13:59:06.690,D,2009-07-09 13:59:06.690
286,1993-01-11 00:00:00.000,Med,HSSWP,LPZ,mlowe,58,N,,152,N,,Would not nurse from lactating female.,tlinley,1993-01-11 00:00:00.000,D,2009-07-09 13:59:06.690
286,1993-11-23 00:00:00.000,Med,LPZ,HSSWP,dmurphy,58,N,,152,N,,Two months wants to place with lactating female.,lsalisbury,1993-01-04 00:00:00.000,D,2009-07-09 13:59:06.690
286,1995-06-01 00:00:00.000,Unk,LPZ,MINWR,dmurphy,437,N,,269,N,,,swinslow,1995-05-26 00:00:00.000,D,2009-07-09 13:59:06.690
286,1995-07-05 00:00:00.000,Unk,MINWR,LPZ,dmurphy,437,N,,269,N,,Weight loss not adapting to pre release program,swinslow,1995-07-05 00:00:00.000,D,2009-07-09 13:59:06.690
292,1995-05-31 00:00:00.000,Prep,SWF,MINWR,tcampbell,250,N,,223,N,,Staging for future release,bwagoner,1995-05-23 00:00:00.000,D,2009-07-09 13:59:06.690
292,1995-07-05 00:00:00.000,Prep,MINWR,SWF,tcampbell,250,U,1995-07-05 00:00:00.000,223,U,1995-07-05 00:00:00.000,,bwagoner,1995-06-28 00:00:00.000,ngordon,2022-11-22 10:00:54.653
295,1995-07-12 00:00:00.000,Prep,MSQ,MINWR,gbossart,454,N,,257,N,,Preparation for release,boucher,1995-07-10 00:00:00.000,D,2009-07-09 13:59:06.690
295,1996-01-19 00:00:00.000,Med,SWF,MSQ,Unk,,N,,,N,,Acute care.,unk,2009-07-09 13:59:06.690,D,2009-07-09 13:59:06.690
298,1998-02-04 00:00:00.000,Buddy,MSQ,SFM,mrodriguez,454,U,,269,U,,"To accompany older single manatee, extremely tame orphan candidate(poor release candidate)",jhoyo,1998-01-28 00:00:00.000,D,2009-07-09 13:59:06.690
309,1996-06-25 00:00:00.000,Room,SWF,LVS,tcampbell,261,N,,238,N,,make sapce at critical care facility,bwagoner,1996-07-02 00:00:00.000,D,2009-07-09 13:59:06.690
309,1997-02-28 00:00:00.000,Room,LVS,SWF,dbuesse,306,N,,238,N,,Make space for a sick animal,rrunnells,1995-03-05 00:00:00.000,D,2009-07-09 13:59:06.690
312,1994-08-09 00:00:00.000,Prep,SWF,MINWR,mwalsh,413,N,,274,N,,To acclimate him for future release.,bwagoner,1994-08-01 00:00:00.000,D,2009-07-09 13:59:06.690
313,1991-03-19 00:00:00.000,Buddy,MSQ,LPZ,gbossart,409,N,,290,U,,"For companionship with the male ""Stormy"" that presently resides at LPZ.",jcaron,1991-03-15 00:00:00.000,D,2009-07-09 13:59:06.690
313,1996-05-02 00:00:00.000,Unk,LPZ,MOTE,dmurphy,,N,,,N,,"Tagged during pilot study Lt: 00001C40EB, Rt: 00001C4470.",gbossart,2009-07-09 13:59:06.690,D,2009-07-09 13:59:06.690
315,1999-03-17 00:00:00.000,Mgmt,MSQ,LVS,mrodriguez,622,N,,297,N,,"Population Management. LF: 000121F746, RT: 000121E779.",rrose,1999-03-12 00:00:00.000,D,2009-07-09 13:59:06.690
321,1998-11-12 00:00:00.000,Buddy,SWF,SFM,dbuesse,340,N,,251,N,,"To serve as a companion for Snooty, per request of FWS",bwagoner,1998-11-10 00:00:00.000,D,2009-07-09 13:59:06.690
321,2001-08-13 00:00:00.000,Prep,SFM,LPZ,Unk,609,N,2001-07-31 00:00:00.000,277,N,2001-07-31 00:00:00.000,,unk,2009-07-09 13:59:06.690,D,2009-07-09 13:59:06.690
321,2003-06-05 00:00:00.000,Prep,LPZ,LVS,Unk,452,N,2003-06-05 00:00:00.000,282,N,2002-02-08 00:00:00.000,,vedmonds,2003-09-25 00:00:00.000,D,2009-07-09 13:59:06.690
321,2004-03-30 00:00:00.000,Med,LVS,LPZ,Unk,438,N,2004-03-30 00:00:00.000,267,N,2003-01-09 00:00:00.000,Needed medical treament,vedmonds,2004-03-25 00:00:00.000,D,2009-07-09 13:59:06.690
321,2004-11-10 00:00:00.000,Prep,LPZ,MSQ,Unk,525,N,2004-11-09 00:00:00.000,280,N,2004-11-09 00:00:00.000,Expose to salt water & ved,vedmonds,2004-11-10 00:00:00.000,D,2009-07-09 13:59:06.690
323,2000-05-02 00:00:00.000,Med,HSSWP,LPZ,mlowe,1163,N,,380,N,,Medical Emergency,tlinley,2000-05-02 00:00:00.000,D,2009-07-09 13:59:06.690
326,1994-10-06 00:00:00.000,Prep,SWF,MINWR,tcampbell,568,U,,310,U,,staging area for release,rrunnells,1994-10-06 00:00:00.000,D,2009-07-09 13:59:06.690
327,1999-04-19 00:00:00.000,Unk,MSQ,CIN,mrodriguez,409,N,,264,N,,,rrose,1999-04-07 00:00:00.000,D,2009-07-09 13:59:06.690
327,2005-08-27 00:00:00.000,Prep,CIN,SWF,Unk,434,Y,2005-08-27 00:00:00.000,289,N,2004-01-05 00:00:00.000,,mnoell,2006-01-13 00:00:00.000,D,2009-07-09 13:59:06.690
333,1999-05-13 00:00:00.000,Room,SWF,LPZ,mwalsh,529,N,,279,N,,To make room for incoming animals,bwagoner,1999-07-16 00:00:00.000,D,2009-07-09 13:59:06.690
337,1996-07-02 00:00:00.000,Unk,SWF,LVS,tcampbell,204,N,,211,N,,,rrunnells,1996-07-02 00:00:00.000,D,2009-07-09 13:59:06.690
337,1997-02-28 00:00:00.000,Room,LVS,SWF,dbuesse,329,N,,0,U,,Make space for sick animal,rrunnells,1997-03-05 00:00:00.000,D,2009-07-09 13:59:06.690
340,1995-05-16 00:00:00.000,Prep,SWF,MINWR,tcampbell,320,N,,266,N,,To stage animal for direct release at later date.,bwagoner,1995-05-09 00:00:00.000,D,2009-07-09 13:59:06.690
341,1999-03-17 00:00:00.000,Mgmt,MSQ,LVS,mrodriguez,509,N,,279,N,,Population Management,rrose,1999-03-12 00:00:00.000,D,2009-07-09 13:59:06.690
344,1996-06-20 00:00:00.000,Prep,SWF,HSSWP,tcampbell,231,N,1996-06-20 00:00:00.000,204,N,1996-06-20 00:00:00.000,,bwagoner,1996-06-20 00:00:00.000,ngordon,2022-11-22 10:20:58.060
344,1997-04-24 00:00:00.000,Prep,HSSWP,SWF,testfac,230,N,1997-04-29 00:00:00.000,233,N,1997-04-29 00:00:00.000,,ngordon,2022-11-22 10:36:17.303,D,2022-11-22 10:36:17.303
349,1999-03-17 00:00:00.000,Mgmt,MSQ,LVS,mrodriguez,593,N,,292,N,,Population Management,rrose,1999-03-12 00:00:00.000,D,2009-07-09 13:59:06.690
350,1999-04-19 00:00:00.000,Buddy,MSQ,CIN,mrodriguez,363,N,,251,N,,companion animal,rrose,1999-04-07 00:00:00.000,D,2009-07-09 13:59:06.690
350,2003-10-31 00:00:00.000,Prep,CIN,MSQ,Unk,417,N,2003-08-05 00:00:00.000,290,N,2003-08-05 00:00:00.000,I am sorry this is late - I have been unable to access this website until now - he moved from the Cincinnati Zoo to the Miami Seaquarium on 10/31/03 - USFWS was informed before the move-,mnoell,2003-11-21 00:00:00.000,D,2009-07-09 13:59:06.690
355,2023-12-05 00:00:00.000,Mgmt,MSQ,LPZ,mnau,977,N,2023-12-05 00:00:00.000,0,U,2023-12-18 00:00:00.000,,mlippincot,2023-12-18 07:21:00.347,D,2023-12-18 07:21:00.347
356,1989-04-08 00:00:00.000,Med,HSSWP,SWF,mwalsh,30,U,,123,U,,Medical care,jpearson,2009-07-09 13:59:06.690,D,2009-07-09 13:59:06.690
359,1996-06-20 00:00:00.000,Unk,SWF,HSSWP,tcampbell,236,N,,214,N,,HS9613,dbuesse,1996-06-20 00:00:00.000,D,2009-07-09 13:59:06.690
359,2005-10-08 00:00:00.000,Mgmt,HSSWP,COL,Unk,711,N,2005-10-08 00:00:00.000,302,N,2005-08-12 00:00:00.000,"Management decision by USFWS, Jacksonville Office",slowe,2005-10-08 00:00:00.000,D,2009-07-09 13:59:06.690
369,2005-10-09 00:00:00.000,Mgmt,SWF,COL,Unk,911,N,2005-10-08 00:00:00.000,307,N,2004-07-27 00:00:00.000,"Stubby was in papilloma quartine, transferred to
Columbus with two animals from Homosassa Springs.",bwagoner,2005-10-12 00:00:00.000,D,2009-07-09 13:59:06.690
371,1996-06-20 00:00:00.000,Unk,SWF,HSSWP,dbuesse,163,N,,190,N,,"102105",rrunnells,1996-06-20 00:00:00.000,D,2009-07-09 13:59:06.690
371,2005-09-02 00:00:00.000,Med,HSSWP,LPZ,Unk,676,N,2005-09-02 00:00:00.000,328,N,2005-08-12 00:00:00.000,,slowe,2005-09-02 00:00:00.000,D,2009-07-09 13:59:06.690
371,2006-01-24 00:00:00.000,Mgmt,LPZ,SWF,Unk,668,N,2006-09-02 00:00:00.000,328,N,2006-09-02 00:00:00.000,,vedmonds,2006-01-24 00:00:00.000,D,2009-07-09 13:59:06.690
372,1996-06-20 00:00:00.000,Unk,SWF,HSSWP,dbuesse,184,N,,205,N,,,rrunnells,1996-06-20 00:00:00.000,D,2009-07-09 13:59:06.690
372,2005-10-08 00:00:00.000,Mgmt,HSSWP,COL,Unk,883,N,2005-10-08 00:00:00.000,328,N,2005-08-12 00:00:00.000,"Management decision by USFWS, Jacksonville ",slowe,2005-10-08 00:00:00.000,D,2009-07-09 13:59:06.690
372,2010-11-02 00:00:00.000,Prep,COL,SWF,gmyers,2175,N,2010-08-04 00:00:00.000,338,N,2010-08-04 00:00:00.000,,dwarmolts,2010-10-27 15:39:05.367,D,2010-10-27 15:39:05.367
397,1998-03-08 00:00:00.000,Room,SWF,SWC,mwalsh,425,N,,272,N,,To create rehab space at Sea World of Florida as agreed in LOA,rrunnells,1998-01-08 00:00:00.000,D,2009-07-09 13:59:06.690
397,2010-03-27 00:00:00.000,Mgmt,SWC,SWF,sgearhart,612,N,2010-02-03 00:00:00.000,305,N,2009-07-22 00:00:00.000,,bwagoner,2010-03-10 16:41:10.747,D,2010-03-10 16:41:10.747
397,2011-02-22 00:00:00.000,Buddy,SWF,LVS,sgearhart,630,N,2011-01-25 00:00:00.000,286,N,2011-01-25 00:00:00.000,,bwagoner,2011-02-16 16:25:47.860,D,2011-02-16 16:25:47.860
398,2000-03-30 00:00:00.000,Unk,SWF,LVS,mwalsh,563,N,,276,N,,,rrunnells,2000-03-21 00:00:00.000,D,2009-07-09 13:59:06.690
408,1996-02-26 00:00:00.000,Unk,SWT,HSSWP,mlowe,658,U,1996-02-26 00:00:00.000,329,U,1996-02-26 00:00:00.000,,tlinley,2009-07-09 13:59:06.690,dszemer,2010-10-26 09:29:34.057
411,2000-05-15 00:00:00.000,Mgmt,SWF,HSSWP,sgearhart,411,N,,263,N,,"buoyancy problems, Long term care.",rrunnells,2000-05-12 00:00:00.000,D,2009-07-09 13:59:06.690
411,2020-07-30 00:00:00.000,Med,HSSWP,SWF,creid,700,N,2020-07-30 00:00:00.000,311,N,2020-07-30 00:00:00.000,,lbraso,2020-08-03 05:50:03.170,D,2020-08-03 05:50:03.170
412,1995-07-12 00:00:00.000,Prep,MSQ,MINWR,mrenner,545,N,,274,N,,Preparation for release,boucher,1995-07-07 00:00:00.000,D,2009-07-09 13:59:06.690
413,2010-11-03 00:00:00.000,Mgmt,HSSWP,CIN,mwalsh,818,N,2010-10-18 00:00:00.000,328,N,2010-10-18 00:00:00.000,,slowe,2010-11-06 15:40:57.757,D,2010-11-06 15:40:57.757
413,2017-10-17 00:00:00.000,Mgmt,CIN,HSSWP,mcampbell,1136,N,2017-10-17 00:00:00.000,345,N,2017-10-17 00:00:00.000,Betsy was transferred back to HSWSP for management reasons.  This will now allow the Cincinnati Zoo to better serve the needs of the MRP (calf growth and development before release & to free up important space in the critical care facilities).,mcampbell,2017-10-19 15:08:53.513,D,2017-10-19 15:08:53.513
426,1999-06-06 00:00:00.000,Room,SWF,COL,mwalsh,0,U,,230,U,,To help create room in the Florida Rehab Centers as agreed in LOA,bwagoner,1999-06-01 00:00:00.000,D,2009-07-09 13:59:06.690
426,2000-02-12 00:00:00.000,Prep,COL,SWF,mwalsh,420,N,,264,N,,Prepatory to release,unk,2000-02-11 00:00:00.000,D,2009-07-09 13:59:06.690
427,1990-11-15 00:00:00.000,Med,HSSWP,SWF,mlowe,28,U,,125,U,,Medical emergency,tlinley,2009-07-09 13:59:06.690,D,2009-07-09 13:59:06.690
434,2023-12-05 00:00:00.000,Mgmt,MSQ,LPZ,mnau,1381,N,2023-12-05 00:00:00.000,340,N,2023-12-12 00:00:00.000,,mlippincot,2023-12-18 07:19:05.017,D,2023-12-18 07:19:05.017
453,2001-03-06 00:00:00.000,Room,SWF,COL,Unk,247,N,2001-02-05 00:00:00.000,223,N,2001-02-05 00:00:00.000,Moved up to Columbus with Trident,unk,2009-07-09 13:59:06.690,D,2009-07-09 13:59:06.690
453,2001-12-13 00:00:00.000,Prep,COL,SWF,Unk,340,N,2001-10-15 00:00:00.000,262,N,2001-10-15 00:00:00.000,,dwarmolts,2002-04-22 00:00:00.000,D,2009-07-09 13:59:06.690
460,1998-03-08 00:00:00.000,Room,SWF,SWC,mwalsh,447,N,,282,N,,To create rehab space at Sea World Florida as agreed in LOA. Date of transfer from 1/25/98 to 3/15/98.,bwagoner,1998-01-08 00:00:00.000,D,2009-07-09 13:59:06.690
460,2009-12-15 00:00:00.000,Prep,SWC,SWF,sgearhart,769,N,2009-07-22 00:00:00.000,323,N,2009-07-22 00:00:00.000,"Animal being transferred back to SWF for release, will be released in winter of 2011 due to short time here for a 2010 release.",bwagoner,2009-12-09 14:14:14.667,D,2009-12-09 14:14:14.667
461,1998-03-08 00:00:00.000,Room,SWF,SWC,mwalsh,365,N,,257,N,,To create rehab space at Sea World of Florida as agreed in LOA. Date of transfer 1/25/98 to 3/15/98.,bwagoner,1998-01-08 00:00:00.000,D,2009-07-09 13:59:06.690
461,2005-08-28 00:00:00.000,Mgmt,SWC,CIN,Unk,545,N,2005-12-28 00:00:00.000,0,U,2005-08-28 00:00:00.000,,mnoell,2006-01-13 00:00:00.000,D,2009-07-09 13:59:06.690
461,2009-10-17 00:00:00.000,Mgmt,CIN,LPZ,mcampbell,659,N,2009-09-22 00:00:00.000,326,N,2009-09-22 00:00:00.000,"Transfer went very well. Both animals flown from Cincinnati, OH to St. Pete, FL. Picked up by Lowry Park Zoo staff.",mcampbell,2009-10-19 13:08:53.170,D,2009-10-19 13:08:53.170
463,1986-07-14 00:00:00.000,Unk,MSQ,HSSWP,mlowe,,N,,,N,,,tlinley,2009-07-09 13:59:06.690,D,2009-07-09 13:59:06.690
463,1988-06-01 00:00:00.000,Unk,HSSWP,LVS,mlowe,,N,,,N,,,tlinley,2009-07-09 13:59:06.690,D,2009-07-09 13:59:06.690
463,1994-04-07 00:00:00.000,Mgmt,LVS,HSSWP,rstevens,651,N,,296,N,,"SOM-1r, To separate from maturing male offspring",colitz,1994-04-01 00:00:00.000,D,2009-07-09 13:59:06.690
464,1986-07-14 00:00:00.000,Unk,MSQ,HSSWP,mlowe,,N,,,N,,,tlinley,2009-07-09 13:59:06.690,D,2009-07-09 13:59:06.690
465,1986-07-14 00:00:00.000,Unk,MSQ,HSSWP,mlowe,,N,,,N,,,tlinley,2009-07-09 13:59:06.690,D,2009-07-09 13:59:06.690
465,1989-04-10 00:00:00.000,Med,HSSWP,SWF,mlowe,,N,,,N,,Medical treatment,tlinley,2009-07-09 13:59:06.690,D,2009-07-09 13:59:06.690
465,1989-06-28 00:00:00.000,Mgmt,SWF,HSSWP,mlowe,,N,,,N,,Return to HSSP,tlinley,2009-07-09 13:59:06.690,D,2009-07-09 13:59:06.690
469,1980-12-23 00:00:00.000,Mgmt,MSQ,HSSWP,mlowe,318,Y,1980-12-23 00:00:00.000,275,Y,1980-12-23 00:00:00.000,,tlinley,2009-07-09 13:59:06.690,nadimey,2009-08-19 13:37:15.947
469,1991-10-10 00:00:00.000,Med,HSSWP,LPZ,dmurphy,1136,N,,334,N,,Surgery,jhackshaw,1991-10-03 00:00:00.000,D,2009-07-09 13:59:06.690
469,1992-03-12 00:00:00.000,Med,LPZ,HSSWP,mlowe,1000,N,,334,N,,Was at LPZ only for surgery,tlinley,1992-03-02 00:00:00.000,D,2009-07-09 13:59:06.690
469,2003-12-23 00:00:00.000,Med,HSSWP,LPZ,Unk,1446,N,2003-12-23 00:00:00.000,376,N,2003-12-23 00:00:00.000,Rosie stopped eating and activity level decreased.  Transferred to LPZ for assessment and treatment,vedmonds,2003-12-31 00:00:00.000,D,2009-07-09 13:59:06.690
469,2004-03-13 00:00:00.000,Med,LPZ,HSSWP,Unk,1446,N,2003-12-23 00:00:00.000,376,N,2004-12-23 00:00:00.000,Completed treatment at LPZ,vedmonds,2004-04-17 00:00:00.000,D,2009-07-09 13:59:06.690
473,1991-10-21 00:00:00.000,Mgmt,SWF,LPZ,mwalsh,240,N,,235,N,,Separation to alleviate breeding.,jpearson,1991-10-16 00:00:00.000,D,2009-07-09 13:59:06.690
473,1993-04-14 00:00:00.000,Mgmt,LPZ,LVS,dmurphy,522,N,,290,N,,Per request of Lowry Park Zoo,lsalisbury,1993-04-13 00:00:00.000,D,2009-07-09 13:59:06.690
473,1999-05-17 00:00:00.000,Unk,LVS,SWF,mmargold,765,N,,305,N,,Staging prior to Columbus Zoo transfer.,colitz,2009-07-09 13:59:06.690,D,2009-07-09 13:59:06.690
473,1999-06-06 00:00:00.000,Room,SWF,COL,mwalsh,0,U,,307,N,,To help create room in the Florida Rehab centers as agreed in LOA,bwagoner,1999-06-01 00:00:00.000,D,2009-07-09 13:59:06.690
473,2005-08-15 00:00:00.000,Mgmt,COL,LPZ,Unk,943,N,2005-07-28 00:00:00.000,357,N,2005-07-28 00:00:00.000,,dwarmolts,2005-08-01 00:00:00.000,D,2009-07-09 13:59:06.690
483,1980-12-23 00:00:00.000,Unk,Marineland,HSSWP,Unk,,N,,,N,,,unk,2009-07-09 13:59:06.690,D,2009-07-09 13:59:06.690
485,1986-07-14 00:00:00.000,Unk,MSQ,HSSWP,dmurphy,,N,,,N,,HS8606,lsalisbury,2009-07-09 13:59:06.690,D,2009-07-09 13:59:06.690
485,1988-06-01 00:00:00.000,Unk,HSSWP,LVS,ristevens,124,N,,0,U,,,thopkins,2009-07-09 13:59:06.690,D,2009-07-09 13:59:06.690
485,1991-07-17 00:00:00.000,Med,LVS,LPZ,ristevens,563,N,,0,U,,"SOM-3, Female's (Lorelei's) pregnancy",thopkins,1991-07-11 00:00:00.000,D,2009-07-09 13:59:06.690
497,2001-04-07 00:00:00.000,Mgmt,SWF,SWC,Unk,311,N,2001-03-23 00:00:00.000,223,N,2001-03-23 00:00:00.000,Long term captive animal,unk,2009-07-09 13:59:06.690,D,2009-07-09 13:59:06.690
497,2010-03-27 00:00:00.000,Mgmt,SWC,SWF,sgearhart,460,N,2010-02-03 00:00:00.000,285,N,2009-07-22 00:00:00.000,,bwagoner,2010-03-10 16:39:42.060,D,2010-03-10 16:39:42.060
499,2001-03-06 00:00:00.000,Room,SWF,COL,Unk,272,N,2001-02-01 00:00:00.000,211,N,2001-02-01 00:00:00.000,Moved with Brooks,unk,2009-07-09 13:59:06.690,D,2009-07-09 13:59:06.690
499,2001-12-13 00:00:00.000,Prep,COL,SWF,Unk,347,N,2001-10-01 00:00:00.000,234,N,2001-10-01 00:00:00.000,"umbilcal girth 181 cm
peduncle girth 108 cm",dwarmolts,2001-12-06 00:00:00.000,D,2009-07-09 13:59:06.690
506,2003-04-02 00:00:00.000,Mgmt,SWF,LVS,Unk,388,N,2002-09-24 00:00:00.000,221,N,2002-09-24 00:00:00.000,,bwagoner,2003-03-25 00:00:00.000,D,2009-07-09 13:59:06.690
506,2024-09-11 00:00:00.000,Buddy,LVS,MOTE,bnolan,971,N,2024-09-11 00:00:00.000,280,N,2024-08-23 00:00:00.000,Transferred to Mote Marine per USFWS request,lmcduffie,2024-09-13 16:46:32.557,D,2024-09-13 16:46:32.557
582,2002-01-28 00:00:00.000,Mgmt,SWF,LVS,Unk,215,N,2002-01-28 00:00:00.000,295,N,2002-01-28 00:00:00.000,"Animal put in LVS because they needed animals forn their display, due to recent releases.",bwagoner,2002-01-24 00:00:00.000,D,2009-07-09 13:59:06.690
591,2005-01-05 00:00:00.000,Prep,SWF,MSQ,Unk,354,N,2004-07-15 00:00:00.000,246,N,2004-04-09 00:00:00.000,Expose animal to salt water and sea grasses,rrunnells,2004-12-21 00:00:00.000,D,2009-07-09 13:59:06.690
592,2005-01-05 00:00:00.000,Prep,SWF,MSQ,Unk,347,N,2004-07-15 00:00:00.000,232,N,2004-04-09 00:00:00.000,Expose animal to salt water & seagrass,rrunnells,2004-12-21 00:00:00.000,D,2009-07-09 13:59:06.690
617,2007-06-05 00:00:00.000,Mgmt,SWF,MSQ,unk,338,N,2007-04-12 00:00:00.000,244,N,2007-04-12 00:00:00.000,Animals will return to SWF once back area is done.,bwagoner,2007-06-04 00:00:00.000,nadimey,2009-08-19 13:34:53.100
617,2007-07-18 00:00:00.000,Mgmt,MSQ,SWF,unk,0,U,2007-07-18 00:00:00.000,0,U,2007-07-18 00:00:00.000,Annie temporarily came to MSQ on 6/5/07 with Rocket while Sea World was working on their holding pools,jlinvill,2007-07-12 00:00:00.000,nadimey,2009-08-19 13:35:11.350
631,2003-04-02 00:00:00.000,Mgmt,SWF,LVS,Unk,193,N,2002-12-29 00:00:00.000,227,N,2002-12-29 00:00:00.000,,bwagoner,2003-03-25 00:00:00.000,D,2009-07-09 13:59:06.690
633,2002-07-29 00:00:00.000,Room,SWF,LVS,Unk,454,N,2002-07-18 00:00:00.000,232,N,2002-01-11 00:00:00.000,,bwagoner,2002-07-24 00:00:00.000,D,2009-07-09 13:59:06.690
634,2002-07-29 00:00:00.000,Room,SWF,LVS,Unk,375,N,2002-07-18 00:00:00.000,228,N,2002-01-11 00:00:00.000,,bwagoner,2002-07-24 00:00:00.000,D,2009-07-09 13:59:06.690
646,2004-05-01 00:00:00.000,Room,SWF,COL,Unk,304,N,2004-04-09 00:00:00.000,242,N,2004-04-09 00:00:00.000,,rrunnells,2004-04-27 00:00:00.000,D,2009-07-09 13:59:06.690
646,2004-12-16 00:00:00.000,Prep,COL,SWF,Unk,438,N,2004-12-04 00:00:00.000,274,N,2004-10-15 00:00:00.000,,dwarmolts,2004-12-30 00:00:00.000,D,2009-07-09 13:59:06.690
659,2002-06-10 00:00:00.000,Buddy,LPZ,SFM,Unk,215,N,2002-06-10 00:00:00.000,208,N,2002-06-05 00:00:00.000,mmature animal lacking a site specific over-winter site; propose late winter release.,dmurphy,2002-06-12 00:00:00.000,D,2009-07-09 13:59:06.690
666,2003-04-09 00:00:00.000,Room,LPZ,SFM,Unk,170,N,2003-04-09 00:00:00.000,195,N,2003-04-09 00:00:00.000,,vedmonds,2003-09-25 00:00:00.000,D,2009-07-09 13:59:06.690
666,2003-07-17 00:00:00.000,Buddy,SFM,LPZ,Unk,,N,,,N,,,vedmonds,2003-09-25 00:00:00.000,D,2009-07-09 13:59:06.690
667,2003-05-21 00:00:00.000,Room,LPZ,SFM,Unk,204,N,2003-05-21 00:00:00.000,218,N,2003-05-21 00:00:00.000,,vedmonds,2003-09-25 00:00:00.000,D,2009-07-09 13:59:06.690
714,2004-11-10 00:00:00.000,Buddy,MSQ,SFM,Unk,172,N,2004-11-10 00:00:00.000,0,U,2004-11-10 00:00:00.000,,sgaudio,2005-02-02 00:00:00.000,D,2009-07-09 13:59:06.690
820,2007-04-26 00:00:00.000,Room,LPZ,SFM,unk,252,U,2007-04-26 00:00:00.000,219,U,2007-04-26 00:00:00.000,,vedmonds,2007-01-13 00:00:00.000,D,2009-07-09 13:59:06.690
820,2007-12-19 00:00:00.000,Prep,SFM,LPZ,unk,0,U,2007-12-19 00:00:00.000,0,U,2007-12-19 00:00:00.000,,vedmonds,2007-01-13 00:00:00.000,D,2009-07-09 13:59:06.690
832,2004-05-01 00:00:00.000,Room,SWF,COL,Unk,143,N,2004-04-09 00:00:00.000,181,N,2004-04-09 00:00:00.000,,rrunnells,2004-04-27 00:00:00.000,D,2009-07-09 13:59:06.690
832,2005-08-15 00:00:00.000,Prep,COL,SWF,Unk,420,N,2005-07-28 00:00:00.000,250,N,2005-07-28 00:00:00.000,,dwarmolts,2005-08-01 00:00:00.000,D,2009-07-09 13:59:06.690
833,2004-09-13 00:00:00.000,Buddy,SWF,CIN,Unk,206,N,2004-07-17 00:00:00.000,226,N,2004-05-07 00:00:00.000,"Animal orginally brought in due to entanglement injury, left pectoral flipper was removed in surgery.",bwagoner,2004-08-29 00:00:00.000,D,2009-07-09 13:59:06.690
833,2005-08-27 00:00:00.000,Prep,CIN,SWF,Unk,293,N,2005-08-27 00:00:00.000,226,N,2004-05-07 00:00:00.000,,mnoell,2006-01-13 00:00:00.000,D,2009-07-09 13:59:06.690
847,2006-04-14 00:00:00.000,Room,LPZ,SFM,Unk,159,N,2006-04-06 00:00:00.000,200,N,2006-04-06 00:00:00.000,,vedmonds,2006-07-29 00:00:00.000,D,2009-07-09 13:59:06.690
863,2007-06-05 00:00:00.000,Mgmt,SWF,MSQ,unk,270,N,2007-04-12 00:00:00.000,225,N,2007-04-12 00:00:00.000,"Animal will return to SWF once back area is 
done.",bwagoner,2007-06-04 00:00:00.000,nadimey,2009-08-19 13:38:10.197
863,2007-07-18 00:00:00.000,Mgmt,MSQ,SWF,unk,0,U,2007-07-18 00:00:00.000,0,U,2007-07-18 00:00:00.000,Rocket temporarily came to MSQ on 6/5/07 with Annie while Sea World was working on their holding pools,jlinvill,2007-07-12 00:00:00.000,nadimey,2009-08-19 13:38:23.027
867,2007-02-27 00:00:00.000,Buddy,SWF,MSQ,unk,213,N,2006-08-17 00:00:00.000,206,N,2006-08-17 00:00:00.000,"Miami Seaquarium will pick up the animal
and transport him back to their facility.",bwagoner,2007-02-21 00:00:00.000,D,2009-07-09 13:59:06.690
879,2010-01-15 00:00:00.000,Room,LPZ,SFM,dmurphy,236,N,2010-01-15 00:00:00.000,220,Y,2010-01-15 00:00:00.000,,vedmonds,2010-01-16 20:26:10.343,D,2010-01-16 20:26:10.343
879,2010-05-24 00:00:00.000,Mgmt,SFM,LVS,dmurphy,274,N,2010-05-17 00:00:00.000,237,N,2010-05-17 00:00:00.000,,mmargold,2010-05-24 13:11:29.163,D,2010-05-24 13:11:29.163
883,2010-03-12 00:00:00.000,Room,LPZ,HSSWP,dmurphy,506,N,2010-02-11 00:00:00.000,303,N,2010-02-11 00:00:00.000,,vedmonds,2010-03-12 18:16:46.450,D,2010-03-12 18:16:46.450
924,2010-01-17 00:00:00.000,Room,LPZ,HSSWP,mlowe,309,N,2009-08-19 00:00:00.000,230,N,2009-08-19 00:00:00.000,Dr. Ray Ball and/or Dr.Michael Walsh veterinarians at Ellie Schiller Homosassa Springs Wildlife State Park. Weights/Lengths taken at Lowry Park Zoo.,slowe,2010-02-13 15:47:29.290,D,2010-02-13 15:47:29.290
927,2010-03-31 00:00:00.000,Room,LPZ,CIN,mcampbell,250,N,2010-03-25 00:00:00.000,236,N,2010-03-25 00:00:00.000,,mnoell,2010-04-01 09:57:32.030,D,2010-04-01 09:57:32.030
927,2010-11-02 00:00:00.000,Prep,CIN,HSSWP,mcampbell,247,N,2010-11-02 00:00:00.000,239,N,2010-11-02 00:00:00.000,"Transported with ""Turner"" from Cincinnati Zoo; """"CC Baby"" driven from Orlando International Airport with ""Fraulein"" from the Columbus Zoo. Both animals released into the exhibit around 19:00.",mcampbell,2010-11-07 15:10:17.410,D,2010-11-07 15:10:17.410
929,2008-12-19 00:00:00.000,Room,LPZ,SFM,dmurphy,208,N,2009-12-19 00:00:00.000,198,N,2009-12-17 00:00:00.000,,vedmonds,2009-08-26 16:19:09.667,nadimey,2010-02-05 10:51:05.573
929,2009-11-23 00:00:00.000,Prep,SFM,LPZ,dmurphy,358,N,2009-11-23 00:00:00.000,244,Y,2009-11-23 00:00:00.000,,mmargold,2009-12-04 12:46:21.753,D,2009-12-04 12:46:21.753
929,2010-01-17 00:00:00.000,Room,LPZ,HSSWP,mlowe,311,N,2009-07-06 00:00:00.000,230,N,2009-07-06 00:00:00.000,"Dr. Ray Ball and/or Dr. Mike Walsh. 
Weights and Lengths taken at Lowry Park Zoo",slowe,2010-02-13 15:56:12.907,D,2010-02-13 15:56:12.907
963,2007-12-20 00:00:00.000,Room,LPZ,SFM,unk,218,U,2007-12-20 00:00:00.000,0,U,2007-12-20 00:00:00.000,,vedmonds,2007-01-13 00:00:00.000,D,2009-07-09 13:59:06.690
963,2008-06-26 00:00:00.000,Prep,SFM,LPZ,unk,281,N,2008-06-26 00:00:00.000,238,N,2008-06-27 00:00:00.000,,vedmonds,2008-11-05 00:00:00.000,dszemer,2014-10-22 06:37:13.663
967,2007-12-20 00:00:00.000,Room,LPZ,SFM,unk,286,U,2007-12-20 00:00:00.000,0,U,2007-12-20 00:00:00.000,transfer to Parker Aquarium with 102333 and 102428,vedmonds,2007-01-14 00:00:00.000,D,2009-07-09 13:59:06.690
967,2008-05-30 00:00:00.000,Prep,SFM,LPZ,dmurphy,390,N,2008-05-30 00:00:00.000,249,N,2008-05-30 00:00:00.000,,nadimey,2009-08-19 09:23:03.600,D,2009-08-19 09:23:03.600
968,2007-12-20 00:00:00.000,Room,LPZ,SFM,unk,263,U,2007-12-20 00:00:00.000,0,U,2007-12-20 00:00:00.000,,vedmonds,2008-01-14 00:00:00.000,D,2009-07-09 13:59:06.690
968,2008-12-19 00:00:00.000,Prep,SFM,LPZ,dmurphy,202,N,2009-12-19 00:00:00.000,250,N,2009-05-19 00:00:00.000,,vedmonds,2009-08-28 23:18:57.173,dszemer,2010-02-05 10:40:00.730
1002,2009-03-03 00:00:00.000,Buddy,SWF,LVS,unk,225,N,2009-03-03 00:00:00.000,0,U,2009-03-03 00:00:00.000,,jdavis,2009-03-04 00:00:00.000,dszemer,2009-12-07 09:23:52.277
1010,2008-07-18 00:00:00.000,Room,LPZ,SFM,unk,197,N,2008-05-01 00:00:00.000,0,U,2008-07-18 00:00:00.000,,vedmonds,2008-12-17 00:00:00.000,D,2009-07-09 13:59:06.690
1010,2009-01-28 00:00:00.000,Prep,SFM,LPZ,dmurphy,131,N,2009-01-28 00:00:00.000,232,Y,2009-01-28 00:00:00.000,,vedmonds,2009-08-29 00:09:55.253,D,2009-08-29 00:09:55.253
1011,2008-12-19 00:00:00.000,Room,LPZ,SFM,dmurphy,251,N,2008-12-19 00:00:00.000,227,N,2008-12-17 00:00:00.000,,vedmonds,2009-08-26 16:23:42.920,nadimey,2010-02-05 10:50:37.353
1011,2009-11-16 00:00:00.000,Prep,SFM,LPZ,dmurphy,372,N,2009-11-16 00:00:00.000,243,Y,2009-11-16 00:00:00.000,,mmargold,2009-11-16 15:10:44.957,nadimey,2010-06-21 15:42:27.463
1011,2010-01-17 00:00:00.000,Room,LPZ,HSSWP,mlowe,372,N,2009-07-06 00:00:00.000,243,N,2009-07-06 00:00:00.000,"Dr.Ray Ball and/or Dr. Mike Walsh for Ellie Schiller Homosassa Springs Wildlife State Park.

Weights taken at Lowry Park Zoo.",slowe,2010-02-13 16:11:46.230,D,2010-02-13 16:11:46.230
1012,2010-03-12 00:00:00.000,Room,LPZ,HSSWP,dmurphy,363,N,2010-02-11 00:00:00.000,263,N,2010-02-11 00:00:00.000,,vedmonds,2010-03-12 18:18:33.713,D,2010-03-12 18:18:33.713
1012,2010-11-11 00:00:00.000,Mgmt,HSSWP,SFM,mwalsh,382,N,2010-11-11 00:00:00.000,255,N,2010-04-27 00:00:00.000,,slowe,2010-11-12 09:36:03.550,D,2010-11-12 09:36:03.550
1012,2010-12-09 00:00:00.000,Mgmt,SFM,PRZ,dmurphy,363,N,2010-11-18 00:00:00.000,260,Y,2010-11-18 00:00:00.000,,mmargold,2010-12-10 15:16:32.060,D,2010-12-10 15:16:32.060
1012,2011-04-01 00:00:00.000,Mgmt,PRZ,CSN,ariveraguz,312,N,2011-04-01 00:00:00.000,280,N,2011-04-01 00:00:00.000,,jzegarra,2011-04-08 09:13:19.160,D,2011-04-08 09:13:19.160
1026,2010-01-17 00:00:00.000,Room,LPZ,HSSWP,mlowe,284,N,2009-08-09 00:00:00.000,229,N,2009-08-09 00:00:00.000,"Dr. Ray Ball and/or Dr. Mike Walsh facility vets Ellie Schiller Homosassa Springs Wildlife State Park.
Weights/Length taken at Lowry Park Zoo",slowe,2010-02-13 16:17:31.000,D,2010-02-13 16:17:31.000
1037,2010-03-03 00:00:00.000,Buddy,SWF,LVS,sgearhart,300,N,2010-02-23 00:00:00.000,248,N,2010-02-11 00:00:00.000,Living Seas will be picking up the animal.,bwagoner,2010-03-02 14:57:24.927,D,2010-03-02 14:57:24.927
1071,2010-01-15 00:00:00.000,Room,LPZ,SFM,dmurphy,252,N,2010-01-15 00:00:00.000,220,Y,2010-01-15 00:00:00.000,transferred with 102236 and 102738 to make room during severe cold snap,vedmonds,2010-01-16 20:33:58.300,D,2010-01-16 20:33:58.300
1071,2010-05-19 00:00:00.000,Mgmt,SFM,LPZ,gmyers,270,N,2010-05-19 00:00:00.000,237,N,2010-05-19 00:00:00.000,,mmargold,2010-05-24 13:03:09.510,D,2010-05-24 13:03:09.510
1094,2010-01-15 00:00:00.000,Room,LPZ,SFM,dmurphy,243,N,2010-01-15 00:00:00.000,220,Y,2010-01-15 00:00:00.000,,vedmonds,2010-01-16 20:19:15.773,D,2010-01-16 20:19:15.773
1098,1949-03-22 00:00:00.000,Unk,MSQ,SFM,rstevens,51,Y,1949-03-22 00:00:00.000,35,Y,1949-03-22 00:00:00.000,For DeSoto Celebration,nadimey,2009-09-03 11:20:30.920,nadimey,2009-09-03 11:31:53.270
1098,1949-03-28 00:00:00.000,Unk,SFM,MSQ,rstevens,51,Y,1949-03-22 00:00:00.000,35,Y,1949-03-22 00:00:00.000,,nadimey,2009-09-03 11:21:48.657,nadimey,2009-09-03 11:32:07.490
1098,1949-06-20 00:00:00.000,Mgmt,MSQ,SFM,rstevens,51,Y,1949-06-20 00:00:00.000,35,Y,1949-06-20 00:00:00.000,Facility in Miami closing down,nadimey,2009-09-03 11:23:47.377,nadimey,2009-09-03 11:32:18.647
1098,1985-05-20 00:00:00.000,Mgmt,SFM,LPZ,dmurphy,206,Y,1985-05-20 00:00:00.000,275,Y,1985-05-20 00:00:00.000,refurbish facility pool,nadimey,2009-09-03 11:27:15.080,nadimey,2009-09-03 11:41:40.373
1098,1985-05-28 00:00:00.000,Mgmt,LPZ,SFM,dmurphy,206,Y,1985-05-20 00:00:00.000,275,Y,1985-05-20 00:00:00.000,Pool finished,nadimey,2009-09-03 11:28:51.440,D,2009-09-03 11:28:51.440
1116,2010-03-11 00:00:00.000,Room,MSQ,HSSWP,mrodriguez,145,Y,2010-03-11 00:00:00.000,195,N,2010-03-11 00:00:00.000,,jlinvill,2010-03-13 09:32:31.550,D,2010-03-13 09:32:31.550
1121,2023-12-05 00:00:00.000,Mgmt,MSQ,SWF,sdirocco,695,N,2023-12-05 00:00:00.000,308,N,2023-12-05 00:00:00.000,,lbraso,2023-12-05 13:49:42.017,D,2023-12-05 13:49:42.017
1130,2010-03-31 00:00:00.000,Room,LPZ,CIN,mcampbell,207,N,2010-03-25 00:00:00.000,221,N,2010-03-25 00:00:00.000,,mnoell,2010-04-01 09:55:43.357,D,2010-04-01 09:55:43.357
1130,2010-11-02 00:00:00.000,Prep,CIN,LPZ,mcampbell,254,N,2010-11-02 00:00:00.000,226,N,2010-11-02 00:00:00.000,"Transported with ""CC Baby"" from Cincinnati Zoo; ""Turner"" driven from Orlando International Airport with ""Bartlett"" from the Columbus Zoo. ""Turner"" and ""Bartlett"" are scheduled to be released together at Apollo Beach in Nov 2010.",mcampbell,2010-11-07 15:23:53.237,D,2010-11-07 15:23:53.237
1131,2010-11-03 00:00:00.000,Mgmt,SWF,COL,sgearhart,182,N,2010-10-20 00:00:00.000,201,N,2010-10-20 00:00:00.000,,bwagoner,2010-10-25 06:13:18.383,D,2010-10-25 06:13:18.383
1131,2011-11-02 00:00:00.000,Prep,COL,MSQ,gmyers,343,N,2011-08-02 00:00:00.000,231,N,2011-08-02 00:00:00.000,,dwarmolts,2011-10-28 17:20:16.557,D,2011-10-28 17:20:16.557
1145,2010-11-03 00:00:00.000,Room,MSQ,CIN,mrodriguez,159,N,2010-11-02 00:00:00.000,168,N,2010-10-21 00:00:00.000,,jlinvill,2010-11-04 12:50:00.027,D,2010-11-04 12:50:00.027
1145,2012-11-06 00:00:00.000,Prep,CIN,MSQ,mcampbell,287,N,2012-08-22 00:00:00.000,234,N,2012-08-22 00:00:00.000,"Transfer from Cincinnati Zoo to Miami Seaquarium went very 
well. ",mcampbell,2012-11-11 10:51:32.600,D,2012-11-11 10:51:32.600
1145,2013-01-15 00:00:00.000,Mgmt,MSQ,HSSWP,mrodriguez,288,N,2013-01-15 00:00:00.000,236,N,2013-01-15 00:00:00.000,He was transftered with a training belt (S2S),jlinvill,2013-01-31 13:11:55.060,D,2013-01-31 13:11:55.060
1147,2010-04-06 00:00:00.000,Room,LPZ,COL,dmurphy,193,N,2010-04-06 00:00:00.000,211,N,2010-03-30 00:00:00.000,,vedmonds,2010-04-27 19:23:18.183,D,2010-04-27 19:23:18.183
1147,2010-11-02 00:00:00.000,Prep,COL,HSSWP,gmyers,590,N,2010-08-04 00:00:00.000,231,N,2010-08-04 00:00:00.000,,dwarmolts,2010-10-27 15:41:46.350,D,2010-10-27 15:41:46.350
1151,2010-04-06 00:00:00.000,Room,LPZ,COL,dmurphy,115,N,2010-04-06 00:00:00.000,177,N,2010-03-30 00:00:00.000,,vedmonds,2010-04-27 20:32:36.693,D,2010-04-27 20:32:36.693
1151,2011-11-02 00:00:00.000,Prep,COL,LPZ,gmyers,290,N,2011-08-02 00:00:00.000,223,N,2011-08-02 00:00:00.000,,dwarmolts,2011-10-28 17:21:48.447,D,2011-10-28 17:21:48.447
1152,2010-08-10 00:00:00.000,Room,LPZ,SFM,testfac,186,N,2010-08-03 00:00:00.000,196,N,2010-08-03 00:00:00.000,Pre-shipment health assessments were conducted by Mike Walsh,vedmonds,2010-08-08 16:43:50.837,D,2010-08-08 16:43:50.837
1153,2010-04-06 00:00:00.000,Room,LPZ,COL,dmurphy,254,N,2010-04-05 00:00:00.000,228,N,2010-04-05 00:00:00.000,,vedmonds,2010-04-27 19:06:11.753,D,2010-04-27 19:06:11.753
1153,2010-11-02 00:00:00.000,Prep,COL,LPZ,gmyers,670,N,2010-08-04 00:00:00.000,225,N,2010-08-04 00:00:00.000,,dwarmolts,2010-10-27 15:44:12.180,D,2010-10-27 15:44:12.180
1162,2010-03-12 00:00:00.000,Room,LPZ,HSSWP,dmurphy,195,N,2010-03-12 00:00:00.000,208,N,2010-02-24 00:00:00.000,,vedmonds,2010-03-12 18:24:42.213,D,2010-03-12 18:24:42.213
1165,2010-11-03 00:00:00.000,Room,MSQ,CIN,mrodriguez,460,N,2010-11-02 00:00:00.000,258,N,2010-10-21 00:00:00.000,,jlinvill,2010-11-04 12:52:28.360,D,2010-11-04 12:52:28.360
1165,2011-11-09 00:00:00.000,Mgmt,CIN,MSQ,mcampbell,466,N,2011-11-09 00:00:00.000,262,N,2011-08-22 00:00:00.000,"""Illusion"" was transported from Cincinnati to Miami and released directly upon her arrival. Miami Seaquarium staff made all the arrangements for the release. Cincinnati Zoo staff assisted with the process. Miami Seaquarium staff will complete the release record in the database.",mcampbell,2011-11-11 13:33:30.230,D,2011-11-11 13:33:30.230
1176,2010-04-06 00:00:00.000,Room,LPZ,COL,dmurphy,180,N,2010-04-05 00:00:00.000,220,N,2010-04-05 00:00:00.000,,vedmonds,2010-04-27 22:01:01.337,D,2010-04-27 22:01:01.337
1176,2011-11-02 00:00:00.000,Prep,COL,MSQ,gmyers,311,N,2011-08-02 00:00:00.000,239,N,2011-08-02 00:00:00.000,,dwarmolts,2011-10-28 17:18:50.193,D,2011-10-28 17:18:50.193
1181,2010-08-10 00:00:00.000,Room,LPZ,SFM,testfac,299,N,2010-08-03 00:00:00.000,225,N,2010-08-03 00:00:00.000,pre-shipment health assessment conducted by Mike Walsh,vedmonds,2010-08-08 16:45:47.993,D,2010-08-08 16:45:47.993
1206,2011-11-02 00:00:00.000,Mgmt,SWF,COL,lcroft,60,N,2011-10-27 00:00:00.000,138,N,2011-04-16 00:00:00.000,Animal being transported along with Wheezy (SWFTm1104B) to Columbus Zoo,bwagoner,2011-10-27 15:58:03.440,D,2011-10-27 15:58:03.440
1206,2013-10-15 00:00:00.000,Prep,COL,LPZ,mbarrie,386,N,2013-07-18 00:00:00.000,231,N,2013-07-18 00:00:00.000,,dwarmolts,2013-11-13 11:27:32.967,dszemer,2017-04-28 12:18:37.380
1223,2011-05-17 00:00:00.000,Room,MSQ,SFM,mrodriguez,181,N,2011-05-17 00:00:00.000,208,N,2011-05-17 00:00:00.000,,jlinvill,2011-05-19 15:37:18.867,D,2011-05-19 15:37:18.867
1235,2011-11-02 00:00:00.000,Mgmt,MSQ,COL,mrodriguez,130,N,2011-11-02 00:00:00.000,205,N,2011-11-02 00:00:00.000,,jlinvill,2012-02-29 17:34:29.740,D,2012-02-29 17:34:29.740
1235,2013-01-11 00:00:00.000,Buddy,COL,CIN,mbarrie,420,N,2013-01-11 00:00:00.000,246,N,2013-01-11 00:00:00.000,,dwarmolts,2013-01-14 10:40:06.707,D,2013-01-14 10:40:06.707
1235,2013-10-12 00:00:00.000,Prep,CIN,MSQ,mcampbell,314,N,2013-10-11 00:00:00.000,250,Y,2013-10-11 00:00:00.000,"Transferred from the Cincinnati Zoo to the Miami Seaquarium for pre-release preparation. She was transported with ""Wheezy"" and ""Pixie"" from the Columbus Zoo. The transfer went very well.""Wheezy"" will also stay at Miami for pre-release preparation and will be released in the early winter of 2014.  ""Pixie"" was taken to SWF on the 11th Oct 2013 by SWF staff.    ",mcampbell,2013-10-18 10:53:31.727,D,2013-10-18 10:53:31.727
1264,2022-02-18 00:00:00.000,Room,SWF,LVS,sdirocco,497,N,2022-02-18 00:00:00.000,308,N,2022-02-18 00:00:00.000,,lbraso,2022-02-20 07:36:16.680,D,2022-02-20 07:36:16.680
1267,2011-11-02 00:00:00.000,Room,SWF,COL,lcroft,241,N,2011-10-27 00:00:00.000,215,N,2011-03-30 00:00:00.000,,bwagoner,2011-10-27 15:48:09.160,nadimey,2012-01-30 12:23:04.893
1267,2013-11-10 00:00:00.000,Prep,COL,MSQ,mbarrie,387,N,2013-07-18 00:00:00.000,269,N,2013-07-18 00:00:00.000,,dwarmolts,2013-11-13 11:25:07.783,D,2013-11-13 11:25:07.783
1271,2012-03-06 00:00:00.000,Room,LPZ,SFM,rball,311,N,2012-03-06 00:00:00.000,241,N,2012-03-06 00:00:00.000,,vedmonds,2012-03-08 17:26:16.000,D,2012-03-08 17:26:16.000
1350,2013-02-28 00:00:00.000,Room,LPZ,SFM,rball,324,N,2013-02-26 00:00:00.000,236,N,2013-02-26 00:00:00.000,,vedmonds,2013-03-18 15:24:00.047,D,2013-03-18 15:24:00.047
1371,2013-02-28 00:00:00.000,Room,LPZ,SFM,rball,247,N,2013-02-26 00:00:00.000,220,N,2013-02-26 00:00:00.000,,vedmonds,2013-03-18 15:22:00.243,D,2013-03-18 15:22:00.243
1412,2013-10-13 00:00:00.000,Mgmt,MSQ,COL,mrodriguez,195,N,2013-10-13 00:00:00.000,205,N,2013-10-13 00:00:00.000,,jlinvill,2013-10-23 13:33:42.453,D,2013-10-23 13:33:42.453
1412,2014-11-08 00:00:00.000,Prep,COL,MSQ,mrodriguez,306,Y,2014-11-08 00:00:00.000,236,N,2014-11-08 00:00:00.000,,jlinvill,2014-11-18 09:47:02.790,D,2014-11-18 09:47:02.790
1437,2013-03-06 00:00:00.000,Room,LPZ,SWF,rball,509,N,2013-03-06 00:00:00.000,297,N,2013-03-06 00:00:00.000,Gibb was transferred to SWF along with another male to make room at LPZ due to all the red tide animals from Southwest FL coming into LPZ.,bwagoner,2013-03-12 03:53:38.730,D,2013-03-12 03:53:38.730
1439,2013-03-14 00:00:00.000,Room,LPZ,HSSWP,rball,363,Y,2013-03-14 00:00:00.000,268,Y,2013-03-14 00:00:00.000,,vedmonds,2013-03-18 15:57:44.710,D,2013-03-18 15:57:44.710
1448,2013-03-06 00:00:00.000,Room,LPZ,SWF,rball,182,N,2013-03-06 00:00:00.000,198,N,2013-03-06 00:00:00.000,"Originally rescued on 1/17/13 for red tide, transferred to SWF on 3/6/2013 due to space issues at LPZ due to all the red tide animals coming into LPZ",bwagoner,2013-03-12 04:04:47.347,D,2013-03-12 04:04:47.347
1473,2013-03-14 00:00:00.000,Room,LPZ,HSSWP,rball,217,N,2013-02-20 00:00:00.000,215,N,2013-02-20 00:00:00.000,,vedmonds,2013-03-18 18:57:34.377,D,2013-03-18 18:57:34.377
1474,2013-03-14 00:00:00.000,Room,LPZ,HSSWP,rball,390,N,2013-02-21 00:00:00.000,278,N,2013-02-21 00:00:00.000,,vedmonds,2013-03-18 19:05:42.023,D,2013-03-18 19:05:42.023
1477,2013-03-14 00:00:00.000,Room,LPZ,HSSWP,rball,386,N,2013-03-02 00:00:00.000,292,N,2013-03-02 00:00:00.000,,vedmonds,2013-03-18 19:26:07.130,D,2013-03-18 19:26:07.130
1481,2013-10-12 00:00:00.000,Buddy,SWF,CIN,sgearhart,141,N,2013-10-04 00:00:00.000,190,N,2013-10-04 00:00:00.000,SWF moved Abigail to MSG then transported to Cincinnati Zoo. ,slehr,2013-11-08 13:51:24.783,D,2013-11-08 13:51:24.783
1481,2015-10-03 00:00:00.000,Prep,CIN,MSQ,mcampbell,286,N,2015-10-02 00:00:00.000,244,N,2015-10-02 00:00:00.000,Transport via DHL went very well from Cincinnati to Miami.,mcampbell,2015-10-05 08:12:06.937,D,2015-10-05 08:12:06.937
1555,2014-04-02 00:00:00.000,Room,LPZ,SFM,rball,313,N,2014-04-01 00:00:00.000,254,N,2014-04-01 00:00:00.000,,vedmonds,2014-08-13 13:10:43.980,D,2014-08-13 13:10:43.980
1556,2014-04-01 00:00:00.000,Room,LPZ,SFM,rball,125,N,2014-04-01 00:00:00.000,181,N,2014-04-01 00:00:00.000,,vedmonds,2014-08-13 13:12:26.040,D,2014-08-13 13:12:26.040
1588,2014-11-09 00:00:00.000,Mgmt,MSQ,COL,mrodriguez,97,N,2014-10-23 00:00:00.000,159,N,2014-10-23 00:00:00.000,,jlinvill,2014-11-18 09:51:36.210,D,2014-11-18 09:51:36.210
1588,2016-11-05 00:00:00.000,Prep,COL,MSQ,mrodriguez,267,N,2016-07-13 00:00:00.000,241,N,2016-07-13 00:00:00.000,,jlinvill,2016-11-12 12:59:54.567,D,2016-11-12 12:59:54.567
1612,2015-02-18 00:00:00.000,Mgmt,SWT,SWF,sgearhart,500,N,2015-01-30 00:00:00.000,305,N,2015-01-30 00:00:00.000,"The animal first observed on 11/23/14 at the warm water outflow, NRG Energy cooling reservoir in Trinity Bay, Texas, TMMSN confirmed the sighting. The animal was showing signs of cold stress so the decision was made to rescue the animal. The animal was rescued on 11/25/14 with the cooperation of state and federal agencies, TMMSN, SWT and FWC. The animal was transported by SWT back to the SW park in San Antonio for rehab. The animal is a known animal (TB435) from Tampa Bay photo identification.",bwagoner,2015-02-16 12:38:32.857,D,2015-02-16 12:38:32.857
1619,2015-10-23 00:00:00.000,Room,SWF,CIN,mcampbell,151,N,2015-10-22 00:00:00.000,177,N,2015-10-22 00:00:00.000,,rrunnells,2015-10-22 10:58:15.990,dszemer,2015-10-28 09:20:24.043
1619,2017-10-17 00:00:00.000,Prep,CIN,SWF,mcampbell,260,N,2017-10-17 00:00:00.000,223,N,2017-10-17 00:00:00.000,Transferred from the Cincinnati Zoo to SeaWorld Orlando in preparation for release in early 2018.,mcampbell,2017-10-19 15:16:14.250,D,2017-10-19 15:16:14.250
1622,2015-07-08 00:00:00.000,Room,LPZ,SFM,rball,209,N,2015-06-24 00:00:00.000,209,N,2015-06-24 00:00:00.000,transferred with LPZ103234,vedmonds,2015-07-12 18:40:33.280,D,2015-07-12 18:40:33.280
1639,2015-07-08 00:00:00.000,Room,LPZ,SFM,rball,181,N,2015-06-29 00:00:00.000,195,N,2015-06-29 00:00:00.000,"transferred with 1.0 manatee, Icecube, LPZ103224",vedmonds,2015-07-12 18:37:54.953,D,2015-07-12 18:37:54.953
1660,2017-09-19 00:00:00.000,Mgmt,LPZ,HSSWP,rball,247,N,2017-09-19 00:00:00.000,210,N,2017-03-30 00:00:00.000,Transfer as Lowry Park Zoo closes to renovate filtration,vedmonds,2017-10-01 15:54:40.660,D,2017-10-01 15:54:40.660
1660,2018-04-30 00:00:00.000,Mgmt,HSSWP,SWF,lcroft,265,N,2018-04-30 00:00:00.000,222,N,2018-04-30 00:00:00.000,,jpeterson,2018-05-16 13:48:28.583,D,2018-05-16 13:48:28.583
1660,2019-03-19 00:00:00.000,Mgmt,SWF,LPZ,sdirocco,270,N,2019-03-19 00:00:00.000,224,N,2019-03-19 00:00:00.000,Cayo was transferred back to Zoo Tampa at the request of USFWS and DMA,jpeterson,2019-03-19 10:43:35.403,D,2019-03-19 10:43:35.403
1666,2024-04-12 00:00:00.000,Prep,JAX,HSSWP,mpersky,485,N,2024-04-12 00:00:00.000,268,N,2024-04-12 00:00:00.000,,cmiller,2024-04-15 10:11:45.010,D,2024-04-15 10:11:45.010
1669,2017-10-11 00:00:00.000,Mgmt,LPZ,HSSWP,rball,237,N,2017-10-11 00:00:00.000,237,N,2017-09-02 00:00:00.000,,tfowler,2017-10-26 13:15:04.720,dszemer,2018-01-05 10:46:42.523
1669,2020-11-18 00:00:00.000,Prep,LPZ,MSQ,lsmith,460,N,2020-11-10 00:00:00.000,278,N,2020-11-10 00:00:00.000,Transferred to Miami Seaquarium to gain exposure to salt water and salt water vegetation before release this winter.  Release/vet committee recommendation. ,mlippincot,2020-11-22 08:47:05.637,D,2020-11-22 08:47:05.637
1673,2018-03-27 00:00:00.000,Room,SWF,SFM,lcroft,256,N,2018-03-27 00:00:00.000,234,N,2018-03-27 00:00:00.000,,jpeterson,2018-03-27 09:08:17.420,D,2018-03-27 09:08:17.420
1673,2019-08-21 00:00:00.000,Prep,SFM,SWF,dmurphy,334,N,2019-08-21 00:00:00.000,246,N,2019-08-21 00:00:00.000,health assessment before transfer to Sea World Florida,vedmonds,2019-08-22 15:48:38.393,D,2019-08-22 15:48:38.393
1676,2016-11-05 00:00:00.000,Mgmt,MSQ,COL,mrodriguez,181,Y,2016-11-05 00:00:00.000,222,N,2016-10-11 00:00:00.000,,jlinvill,2016-11-12 06:00:17.697,D,2016-11-12 06:00:17.697
1676,2017-10-10 00:00:00.000,Prep,COL,MSQ,rjunge,404,N,2017-07-11 00:00:00.000,238,N,2017-07-11 00:00:00.000,,rjunge,2017-10-26 14:38:59.580,D,2017-10-26 14:38:59.580
1679,2017-08-30 00:00:00.000,Room,SWF,JAX,lcroft,352,N,2017-08-19 00:00:00.000,220,Y,2017-08-18 00:00:00.000,,jpeterson,2017-10-11 05:13:17.333,D,2017-10-11 05:13:17.333
1680,2017-10-04 00:00:00.000,Mgmt,LPZ,HSSWP,rball,259,N,2017-09-02 00:00:00.000,220,N,2017-09-02 00:00:00.000,,tfowler,2017-10-26 13:12:21.067,dszemer,2018-01-05 10:46:15.803
1681,2017-08-30 00:00:00.000,Room,SWF,JAX,lcroft,284,N,2017-08-19 00:00:00.000,218,Y,2017-08-18 00:00:00.000,,jpeterson,2017-10-11 05:15:57.727,D,2017-10-11 05:15:57.727
1722,2016-11-05 00:00:00.000,Mgmt,MSQ,COL,mrodriguez,158,Y,2016-11-05 00:00:00.000,202,N,2016-10-11 00:00:00.000,,jlinvill,2016-11-12 05:58:37.403,D,2016-11-12 05:58:37.403
1722,2017-10-10 00:00:00.000,Prep,COL,MSQ,rjunge,274,N,2017-07-11 00:00:00.000,226,N,2017-07-11 00:00:00.000,,rjunge,2017-10-26 14:35:46.507,D,2017-10-26 14:35:46.507
1773,2017-09-19 00:00:00.000,Mgmt,LPZ,HSSWP,rball,227,N,2017-09-19 00:00:00.000,219,N,2017-06-08 00:00:00.000,transfer as Lowry Park Zoo closes the Critical Care Center for renovations to the filtration,vedmonds,2017-10-01 16:00:40.990,D,2017-10-01 16:00:40.990
1773,2018-04-30 00:00:00.000,Mgmt,HSSWP,SWF,lcroft,270,N,2018-04-30 00:00:00.000,222,N,2018-04-30 00:00:00.000,,jpeterson,2018-05-16 13:53:33.273,D,2018-05-16 13:53:33.273
1779,2018-03-08 00:00:00.000,Room,SWF,JAX,mpersky,255,N,2018-03-08 00:00:00.000,237,N,2018-03-08 00:00:00.000,,dbear,2018-03-08 14:54:38.887,D,2018-03-08 14:54:38.887
1803,2017-09-29 00:00:00.000,Mgmt,LPZ,COL,rball,122,N,2017-08-29 00:00:00.000,172,N,2017-08-29 00:00:00.000,transfer out as Lowry Park Zoo plans to renovate filtration,vedmonds,2017-10-01 16:05:01.943,D,2017-10-01 16:05:01.943
1803,2018-10-16 00:00:00.000,Mgmt,COL,SWF,rjunge,232,N,2018-07-12 00:00:00.000,245,N,2018-07-12 00:00:00.000,Transferred to SW Orlando,rjunge,2019-01-29 06:42:30.260,D,2019-01-29 06:42:30.260
1807,2017-10-17 00:00:00.000,Room,SWF,CIN,lcroft,102,N,2017-10-14 00:00:00.000,165,N,2017-10-14 00:00:00.000,Pippen Mathew and Miles were all transferred together to Cincinnati zoo,jpeterson,2017-10-18 13:16:36.937,D,2017-10-18 13:16:36.937
1807,2020-09-19 00:00:00.000,Med,CIN,SWF,mcampbell,210,N,2020-09-02 00:00:00.000,218,N,2020-03-12 00:00:00.000,Transferred to SeaWorld due to the development of a significant dermatopathy of unknown origin.  He was also losing weight despite having a good and consistent appetite the past 4.5 months. Extensive diagnostic work-up was conducted on the 2nd of September.  Treatment started with injectable antibiotics and topical skin treatments using betadine solution. ,mcampbell,2020-09-20 18:05:01.467,D,2020-09-20 18:05:01.467
1814,2017-10-17 00:00:00.000,Room,SWF,CIN,lcroft,145,N,2017-10-14 00:00:00.000,185,N,2017-10-14 00:00:00.000,Pippen Mathew and Miles were all transferred together to Cincinnati zoo,jpeterson,2017-10-18 13:20:36.557,D,2017-10-18 13:20:36.557
1814,2019-10-15 00:00:00.000,Prep,CIN,SWF,mcampbell,359,N,2019-08-15 00:00:00.000,254,N,2019-08-15 00:00:00.000,Transferred for pre-release preparation for a late winter 2020 release time frame.  Miles has satisfied all release metric requirements.  He was transferred back to SWF with his long time companion Mathew.  Transfer went well.,mcampbell,2019-10-17 16:00:54.617,D,2019-10-17 16:00:54.617
1834,2016-11-05 00:00:00.000,Mgmt,MSQ,COL,mrodriguez,59,N,2016-11-02 00:00:00.000,143,N,2016-10-11 00:00:00.000,,jlinvill,2016-11-12 05:56:56.433,D,2016-11-12 05:56:56.433
1834,2018-09-18 00:00:00.000,Prep,COL,MSQ,mrodriguez,240,N,2018-07-13 00:00:00.000,231,N,2018-07-13 00:00:00.000,,mrodriguez,2018-10-03 14:43:36.140,D,2018-10-03 14:43:36.140
1835,2016-11-05 00:00:00.000,Mgmt,MSQ,COL,mrodriguez,61,N,2016-11-02 00:00:00.000,146,N,2016-10-11 00:00:00.000,,jlinvill,2016-11-12 05:54:34.900,D,2016-11-12 05:54:34.900
1835,2018-09-18 00:00:00.000,Prep,COL,MSQ,mrodriguez,265,N,2018-07-19 00:00:00.000,236,N,2018-07-19 00:00:00.000,,mrodriguez,2018-10-03 14:45:00.417,D,2018-10-03 14:45:00.417
1838,2017-10-17 00:00:00.000,Room,SWF,CIN,lcroft,154,N,2017-10-14 00:00:00.000,192,N,2017-10-14 00:00:00.000,Pippen Mathew and Miles were all transferred together to Cincinnati zoo,jpeterson,2017-10-18 13:18:39.810,D,2017-10-18 13:18:39.810
1838,2019-10-15 00:00:00.000,Prep,CIN,SWF,mcampbell,320,N,2019-08-15 00:00:00.000,245,N,2019-08-15 00:00:00.000,Transferred for pre-release preparation for a late winter 2020 release time frame.  Mathew has satisfied all release metric requirements.  He was transferred back to SWF with his long time companion Miles.  Transfer went well.,mcampbell,2019-10-17 15:54:15.083,D,2019-10-17 15:54:15.083
1841,2016-10-18 00:00:00.000,Mgmt,UNK,SWF,lcroft,371,N,2016-10-20 00:00:00.000,271,N,2016-10-20 00:00:00.000,"Transferred from Mystic Aquarium to SWF by USCG.
",dszemer,2016-10-20 13:48:17.687,D,2016-10-20 13:48:17.687
1857,2017-05-24 00:00:00.000,Room,SWF,SFM,dmurphy,270,N,2017-05-24 00:00:00.000,250,N,2017-05-24 00:00:00.000,,mmargold,2017-05-25 08:53:19.893,D,2017-05-25 08:53:19.893
1857,2017-11-07 00:00:00.000,Prep,SFM,SWF,dmurphy,333,N,2017-11-07 00:00:00.000,254,N,2017-11-07 00:00:00.000,Randall was moved and was going to be released by Sea World on 11/9/2017,vedmonds,2017-11-13 12:25:02.993,D,2017-11-13 12:25:02.993
1862,2017-05-24 00:00:00.000,Room,SWF,SFM,dmurphy,267,N,2017-05-24 00:00:00.000,223,N,2017-05-24 00:00:00.000,,mmargold,2017-05-25 08:55:54.773,dszemer,2017-06-19 09:40:44.100
1862,2018-02-19 00:00:00.000,Mgmt,SFM,SWF,dmurphy,334,N,2018-01-24 00:00:00.000,252,N,2018-01-24 00:00:00.000,transferred to SWF while SFM manatee pool is under construction,vedmonds,2018-02-20 10:45:05.470,D,2018-02-20 10:45:05.470
1868,2017-05-24 00:00:00.000,Room,SWF,SFM,dmurphy,176,N,2017-05-24 00:00:00.000,201,N,2017-05-24 00:00:00.000,,mmargold,2017-05-25 08:58:16.547,D,2017-05-25 08:58:16.547
1868,2018-02-19 00:00:00.000,Mgmt,SFM,SWF,dmurphy,215,N,2017-12-19 00:00:00.000,218,N,2017-12-19 00:00:00.000,transferred while SFM manatee pool is under construction,vedmonds,2018-02-20 10:46:51.850,D,2018-02-20 10:46:51.850
1868,2018-03-28 00:00:00.000,Room,SWF,SFM,lcroft,265,N,2018-03-28 00:00:00.000,223,N,2018-03-28 00:00:00.000,,jpeterson,2018-03-28 07:01:37.623,D,2018-03-28 07:01:37.623
1884,2017-10-04 00:00:00.000,Mgmt,LPZ,HSSWP,rball,213,N,2017-09-02 00:00:00.000,218,N,2017-09-02 00:00:00.000,,tfowler,2017-10-26 13:09:20.863,dszemer,2018-01-05 10:48:04.743
1884,2017-12-22 00:00:00.000,Mgmt,HSSWP,SWF,lcroft,195,N,2017-12-22 00:00:00.000,215,N,2017-12-22 00:00:00.000,SWF transferred Gleewood from HSSWP on 12/22/2017 at the request of USFWS,jpeterson,2017-12-26 07:33:52.907,D,2017-12-26 07:33:52.907
1901,2017-10-17 00:00:00.000,Room,SWF,COL,lcroft,165,N,2017-10-16 00:00:00.000,201,N,2017-10-16 00:00:00.000,,jpeterson,2017-10-18 13:24:26.773,D,2017-10-18 13:24:26.773
1901,2018-10-16 00:00:00.000,Prep,COL,SWF,sdirocco,261,N,2018-10-16 00:00:00.000,213,Y,2018-10-16 00:00:00.000,Animal had been in transit for a long time so length were quickly taken that is why we are referencing them as estimated,jpeterson,2018-10-19 05:01:09.310,D,2018-10-19 05:01:09.310
1902,2020-02-20 00:00:00.000,Buddy,SWF,JAX,mpersky,328,N,2020-02-20 00:00:00.000,241,N,2020-02-26 00:00:00.000,"Transferred by Jax Zoo
JZGTm2001",cmiller,2020-02-26 16:16:17.903,D,2020-02-26 16:16:17.903
1923,2018-01-17 00:00:00.000,Mgmt,SWF,MSQ,mrodriguez,465,N,2018-01-17 00:00:00.000,276,N,2018-01-24 00:00:00.000,,jlinvill,2018-01-24 13:11:10.540,D,2018-01-24 13:11:10.540
1924,2017-11-07 00:00:00.000,Room,SWF,SFM,lcroft,259,N,2017-11-07 00:00:00.000,236,N,2017-11-29 00:00:00.000,,vedmonds,2018-01-09 10:35:19.300,D,2018-01-09 10:35:19.300
1924,2018-01-08 00:00:00.000,Med,SFM,SWF,dmurphy,288,N,2018-01-05 00:00:00.000,236,N,2017-11-29 00:00:00.000,"Manatee had sustained head trauma in the wild, was in recovery at Sea World and at transfer to South Florida Museum.  After two months at the museum she developed a swimming pattern that seemed indicative of the injury she sustained in the wild.  She was returned to SWF for diagnostics and treatment.

transport was conducted by SFM and assisted by CMA",dszemer,2019-05-28 14:35:17.863,D,2019-05-28 14:35:17.863
1946,2020-02-20 00:00:00.000,Buddy,SWF,JAX,mpersky,271,N,2020-02-20 00:00:00.000,231,N,2020-02-26 00:00:00.000,"Transferred by Jax Zoo
JZGTm2002",cmiller,2020-02-26 16:27:22.047,D,2020-02-26 16:27:22.047
1981,2017-12-17 00:00:00.000,Med,JAX,SWF,mpersky,150,N,2017-12-16 00:00:00.000,195,N,2017-12-16 00:00:00.000,"On Dec. 17th manatee was transported by FWC-NEFL staff, FWC volunteer and Dr. Meredith Persky to SeaWorld Orlando arriving at 1245 hrs.",dbear,2017-12-18 15:49:12.600,D,2017-12-18 15:49:12.600
1981,2018-01-10 00:00:00.000,Med,SWF,JAX,mpersky,160,Y,2018-01-10 00:00:00.000,205,Y,2018-01-10 00:00:00.000,,dbear,2018-01-11 07:43:40.463,dszemer,2018-01-17 08:40:29.127
1989,2018-03-27 00:00:00.000,Room,SWF,SFM,lcroft,331,N,2018-03-27 00:00:00.000,248,N,2018-03-27 00:00:00.000,,jpeterson,2018-03-27 09:13:35.843,D,2018-03-27 09:13:35.843
1993,2018-08-08 00:00:00.000,Room,SWF,HSSWP,creid,338,N,2018-08-08 00:00:00.000,246,N,2018-08-08 00:00:00.000,,jpeterson,2018-08-08 10:04:28.077,D,2018-08-08 10:04:28.077
1995,2018-08-08 00:00:00.000,Room,SWF,HSSWP,creid,459,N,2018-08-08 00:00:00.000,230,N,2018-08-08 00:00:00.000,,jpeterson,2018-08-08 10:02:42.290,D,2018-08-08 10:02:42.290
1996,2018-04-23 00:00:00.000,Room,SWF,COL,lcroft,80,N,2018-04-23 00:00:00.000,160,N,2018-04-23 00:00:00.000,Tm1807 was safely transferred by air and truck to Columbus zoo. Tm1807 was in water around 5am and was seen eating around 0700.,jpeterson,2018-04-26 08:33:34.017,D,2018-04-26 08:33:34.017
1996,2019-10-29 00:00:00.000,Prep,COL,SWF,sdirocco,209,N,2019-10-29 00:00:00.000,227,N,2019-10-29 00:00:00.000,,lbraso,2019-11-04 07:28:14.770,D,2019-11-04 07:28:14.770
1996,2022-01-14 00:00:00.000,Room,SWF,AQE,sdirocco,236,N,2022-01-14 00:00:00.000,248,N,2022-01-14 00:00:00.000,,lbraso,2022-01-16 07:43:44.310,D,2022-01-16 07:43:44.310
1996,2022-04-27 00:00:00.000,Prep,AQE,LPZ,mrodriguez,306,N,2022-04-07 00:00:00.000,251,N,2022-04-07 00:00:00.000,,Kbligh,2022-04-27 06:13:32.513,D,2022-04-27 06:13:32.513
1997,2018-04-23 00:00:00.000,Room,SWF,COL,lcroft,87,N,2018-04-23 00:00:00.000,170,N,2018-04-23 00:00:00.000,Tm1810 was safely transported by air and ground to Columbus zoo. 1810 arrived and was in the water around 5am and was eating by 0730,jpeterson,2018-04-26 08:27:38.243,D,2018-04-26 08:27:38.243
1997,2019-10-29 00:00:00.000,Prep,COL,SWF,sdirocco,290,N,2019-10-29 00:00:00.000,225,N,2019-10-29 00:00:00.000,,lbraso,2019-11-04 07:29:53.820,D,2019-11-04 07:29:53.820
2001,2019-04-18 00:00:00.000,Room,SWF,SFM,dmurphy,202,N,2019-04-18 00:00:00.000,195,N,2019-04-18 00:00:00.000,Companion for O'Neil,lwinkler,2019-04-21 07:48:46.793,D,2019-04-21 07:48:46.793
2001,2019-08-20 00:00:00.000,Mgmt,SFM,LPZ,dmurphy,234,N,2019-08-20 00:00:00.000,224,N,2019-08-20 00:00:00.000,transfer for pool construction at The Bishop Museum of Science and Nature (formerly the South Florida Museum),vedmonds,2019-08-22 15:51:12.997,D,2019-08-22 15:51:12.997
2002,2019-04-18 00:00:00.000,Room,SWF,SFM,dmurphy,239,N,2019-04-18 00:00:00.000,213,N,2019-04-18 00:00:00.000,Also companion for O'Neil,lwinkler,2019-04-21 07:46:37.453,D,2019-04-21 07:46:37.453
2002,2019-08-20 00:00:00.000,Mgmt,SFM,LPZ,dmurphy,287,N,2019-08-21 00:00:00.000,239,N,2019-08-21 00:00:00.000,health assessment before transfer to ZooTampa (formerly Lowry Park Zoo) from the Bishop Museum of Science and Nature (formerly The South Florida Museum),vedmonds,2019-08-22 15:54:20.360,D,2019-08-22 15:54:20.360
2003,2018-09-27 00:00:00.000,Room,SWF,JAX,sdirocco,222,N,2018-09-27 00:00:00.000,222,N,2018-09-27 00:00:00.000,BriarRose was transferred safely to Jacksonville zoo,jpeterson,2018-09-27 14:48:41.570,D,2018-09-27 14:48:41.570
2003,2019-03-14 00:00:00.000,Room,SWF,JAX,mpersky,278,N,2019-03-14 00:00:00.000,233,N,2019-03-14 00:00:00.000,,cmiller,2019-03-14 12:31:14.327,D,2019-03-14 12:31:14.327
2007,2018-05-24 00:00:00.000,Room,SWF,LVS,lcroft,452,N,2018-05-24 00:00:00.000,304,N,2018-05-24 00:00:00.000,SWFTM1816B was transferred from SWF to Epcot living seas around 9am.,jpeterson,2018-05-24 09:46:38.280,D,2018-05-24 09:46:38.280
2007,2018-09-07 00:00:00.000,Prep,LVS,SWF,bnolan,465,N,2018-08-09 00:00:00.000,325,U,2018-06-08 00:00:00.000,"Transport went smoothly.  

The length measurement is a curved length measurement.",lmcduffie,2018-09-07 09:33:14.307,D,2018-09-07 09:33:14.307
2007,2018-09-12 00:00:00.000,Room,SWF,HSSWP,sdirocco,495,N,2018-09-12 00:00:00.000,295,N,2018-09-12 00:00:00.000,"This animal was transferred along with 1842,1843,1846",jpeterson,2018-09-17 08:06:59.523,D,2018-09-17 08:06:59.523
2011,2018-08-08 00:00:00.000,Room,SWF,HSSWP,creid,393,N,2018-08-08 00:00:00.000,278,N,2018-08-08 00:00:00.000,,jpeterson,2018-08-08 10:26:39.203,D,2018-08-08 10:26:39.203
2012,2018-08-08 00:00:00.000,Room,SWF,HSSWP,creid,163,N,2018-08-08 00:00:00.000,201,N,2018-08-08 00:00:00.000,,jpeterson,2018-08-08 10:28:02.677,D,2018-08-08 10:28:02.677
2018,2018-08-24 00:00:00.000,Prep,JAX,HSSWP,rball,559,N,2018-08-16 00:00:00.000,316,N,2018-08-16 00:00:00.000,"1803 has recovered well from the cold stress, but his activity level has remained low. The transfer to Homosassa is to provide him with a larger space, so that he can be better assessed for release.",cmiller,2018-08-24 12:24:00.363,D,2018-08-24 12:24:00.363
2025,2018-04-24 00:00:00.000,Room,SWF,CIN,mcampbell,116,N,2018-04-24 00:00:00.000,179,N,2018-04-24 00:00:00.000,"Transfer went very well.  She was calm and relaxed.  She started to eat within 30 minutes of being placed in the med-pool.  She will be introduced to Miles, Mathew and Pippen first thing in the morning.",mcampbell,2018-04-24 12:00:10.510,D,2018-04-24 12:00:10.510
2025,2019-08-23 00:00:00.000,Med,CIN,SWF,mcampbell,290,N,2019-07-23 00:00:00.000,237,N,2019-07-23 00:00:00.000,Daphne was transferred from the Cincinnati Zoo to SeaWorld to facilitate a more in depth evaluation of her anemia and administer treatment if a definitive cause is determined. She has made the SL length and weight criteria for release as well.  If she is cleared medically by SeaWorld veterinary staff she will be a release candidate.,mcampbell,2019-08-24 19:33:21.987,D,2019-08-24 19:33:21.987
2055,2018-09-12 00:00:00.000,Room,SWF,HSSWP,sdirocco,313,N,2018-09-12 00:00:00.000,245,N,2018-09-12 00:00:00.000,"This animal was transferred with 1843,1816,1846",jpeterson,2018-09-17 08:04:13.247,D,2018-09-17 08:04:13.247
2056,2019-04-24 00:00:00.000,Mgmt,MSQ,COL,mrodriguez,102,N,2019-04-24 00:00:00.000,161,N,2019-03-13 00:00:00.000,,jheyde,2019-04-29 14:35:55.423,D,2019-04-29 14:35:55.423
2056,2020-10-20 00:00:00.000,Prep,COL,MSQ,mrodriguez,338,N,2020-10-20 00:00:00.000,240,N,2020-07-08 00:00:00.000,,jheyde,2020-11-16 08:45:50.360,D,2020-11-16 08:45:50.360
2057,2018-09-12 00:00:00.000,Room,SWF,HSSWP,sdirocco,275,N,2018-09-12 00:00:00.000,229,N,2018-09-12 00:00:00.000,"This animal was transferred along with 1816,1842,1843",jpeterson,2018-09-17 08:09:10.523,D,2018-09-17 08:09:10.523
2058,2018-09-12 00:00:00.000,Room,SWF,HSSWP,sdirocco,363,N,2018-09-12 00:00:00.000,285,N,2018-09-12 00:00:00.000,"1843 was moved over to make more space with 1842,1846,1816",jpeterson,2018-09-17 08:01:20.037,D,2018-09-17 08:01:20.037
2063,2018-10-26 00:00:00.000,Room,SWF,JAX,sdirocco,329,N,2018-10-26 00:00:00.000,259,N,2018-10-26 00:00:00.000,This animal was transferred from SWF to Jax zoo to assist in making more critical care space at SWF,jpeterson,2018-10-26 09:55:23.403,D,2018-10-26 09:55:23.403
2067,2018-09-06 00:00:00.000,Mgmt,SWF,MSQ,mrodriguez,417,N,2018-09-06 00:00:00.000,291,N,2018-09-06 00:00:00.000,Cannot release yet due to red tide in area.,mrodriguez,2018-09-17 09:57:37.710,D,2018-09-17 09:57:37.710
2076,2019-03-19 00:00:00.000,Mgmt,SWF,LPZ,sdirocco,313,N,2019-03-19 00:00:00.000,253,N,2019-03-19 00:00:00.000,SWFTm1861B was transferred to Zoo Tampa at the request of USFWS and DMA,jpeterson,2019-03-19 10:45:33.313,D,2019-03-19 10:45:33.313
2078,2019-03-20 00:00:00.000,Mgmt,SWF,LPZ,lsmith,520,N,2019-03-20 00:00:00.000,301,N,2019-03-20 00:00:00.000,SWFTM1857 was transported by Zoo Tampa in the early morning to their facility.,jpeterson,2019-04-02 09:30:25.740,D,2019-04-02 09:30:25.740
2078,2020-04-02 00:00:00.000,Mgmt,LPZ,HSSWP,lsmith,665,N,2020-04-02 00:00:00.000,294,N,2020-04-11 00:00:00.000,,mlippincot,2020-04-07 10:31:39.237,D,2020-04-07 10:31:39.237
2079,2019-03-20 00:00:00.000,Mgmt,SWF,LPZ,lsmith,188,N,2019-03-20 00:00:00.000,207,N,2019-03-20 00:00:00.000,SWFTM1858B was transferred by Zoo Tampa to their facility,jpeterson,2019-04-02 09:34:40.830,D,2019-04-02 09:34:40.830
2080,2021-12-01 00:00:00.000,Prep,MSQ,SWF,sdirocco,304,N,2021-12-01 00:00:00.000,218,N,2021-12-01 00:00:00.000,,lbraso,2021-12-19 07:12:11.060,D,2021-12-19 07:12:11.060
2080,2021-12-02 00:00:00.000,Prep,SWF,LVS,bnolan,304,N,2021-12-01 00:00:00.000,218,N,2021-12-01 00:00:00.000,,lbraso,2021-12-19 07:15:46.560,D,2021-12-19 07:15:46.560
2083,2021-07-26 00:00:00.000,Room,SWF,HSSWP,sdirocco,302,N,2021-07-26 00:00:00.000,233,N,2021-07-26 00:00:00.000,,lbraso,2021-08-02 06:38:11.583,D,2021-08-02 06:38:11.583
2103,2019-10-15 00:00:00.000,Buddy,SWF,CIN,sdirocco,206,N,2019-10-15 00:00:00.000,216,N,2019-10-15 00:00:00.000,transferred for companion and making room at critical care facility ,lbraso,2019-10-16 08:50:15.340,D,2019-10-16 08:50:15.340
2103,2020-09-19 00:00:00.000,Prep,CIN,SWF,mcampbell,264,N,2020-09-02 00:00:00.000,232,N,2020-09-02 00:00:00.000,Transferred to SeaWorld for pre-release preparations.  Now at 264 kg with appropriate length for release.  Should be able to be released in the Winter of 2021.,mcampbell,2020-09-20 17:52:57.267,D,2020-09-20 17:52:57.267
2109,2019-04-24 00:00:00.000,Mgmt,MSQ,COL,mrodriguez,84,N,2019-04-24 00:00:00.000,158,N,2019-03-13 00:00:00.000,,jheyde,2019-04-29 14:38:31.357,D,2019-04-29 14:38:31.357
2109,2020-10-20 00:00:00.000,Prep,COL,MSQ,mrodriguez,223,N,2020-10-20 00:00:00.000,210,N,2020-07-08 00:00:00.000,,jheyde,2020-11-16 08:49:07.023,D,2020-11-16 08:49:07.023
2122,2019-04-17 00:00:00.000,Buddy,SWF,JAX,mpersky,127,N,2019-04-17 00:00:00.000,177,N,2019-04-17 00:00:00.000,,cmiller,2019-04-19 12:14:17.697,D,2019-04-19 12:14:17.697
2122,2020-02-20 00:00:00.000,Prep,JAX,SWF,sdirocco,277,N,2020-02-20 00:00:00.000,225,N,2020-02-20 00:00:00.000,,lbraso,2020-02-23 04:40:46.990,D,2020-02-23 04:40:46.990
2124,2019-09-25 00:00:00.000,Room,SWF,SFM,sdirocco,171,N,2019-09-25 00:00:00.000,200,N,2019-09-25 00:00:00.000,bishop museum along with cma transported,lbraso,2019-09-25 09:47:14.137,D,2019-09-25 09:47:14.137
2126,2019-09-25 00:00:00.000,Room,SWF,SFM,sdirocco,186,N,2019-09-25 00:00:00.000,202,N,2019-09-25 00:00:00.000,Bishop museum along with CMA transported,lbraso,2019-09-25 09:49:05.373,D,2019-09-25 09:49:05.373
2158,2019-12-10 00:00:00.000,Room,LPZ,SFM,lsmith,590,N,2019-12-10 00:00:00.000,226,N,2019-12-10 00:00:00.000,,mlippincot,2019-12-11 11:31:44.230,D,2019-12-11 11:31:44.230
2166,2019-11-22 00:00:00.000,Room,JAX,MSQ,yjafarey,456,N,2019-11-22 00:00:00.000,313,N,2019-11-22 00:00:00.000,,cmiller,2019-11-24 15:40:20.420,D,2019-11-24 15:40:20.420
2168,2021-03-24 00:00:00.000,Room,SWF,CIN,sdirocco,184,N,2021-03-23 00:00:00.000,190,N,2021-03-23 00:00:00.000,,lbraso,2021-03-24 06:56:57.273,D,2021-03-24 06:56:57.273
2168,2022-10-08 00:00:00.000,Prep,CIN,SWF,LStaggs,345,N,2022-10-08 00:00:00.000,242,N,2022-10-08 00:00:00.000,,lbraso,2022-10-09 12:06:35.983,D,2022-10-09 12:06:35.983
3169,2021-07-26 00:00:00.000,Room,SWF,HSSWP,creid,259,N,2021-07-26 00:00:00.000,226,N,2021-07-26 00:00:00.000,,lbraso,2021-08-02 06:40:03.013,D,2021-08-02 06:40:03.013
3169,2021-10-12 00:00:00.000,Med,HSSWP,SWF,creid,281,N,2021-10-12 00:00:00.000,232,N,2021-10-12 00:00:00.000,,lbraso,2021-10-13 05:25:50.490,D,2021-10-13 05:25:50.490
3199,2021-03-24 00:00:00.000,Room,SWF,CIN,sdirocco,184,N,2021-03-23 00:00:00.000,200,N,2021-03-23 00:00:00.000,,lbraso,2021-03-24 07:01:32.353,D,2021-03-24 07:01:32.353
3199,2022-10-08 00:00:00.000,Prep,CIN,SWF,LStaggs,279,N,2022-10-08 00:00:00.000,238,N,2022-10-08 00:00:00.000,,lbraso,2022-10-09 12:09:26.613,D,2022-10-09 12:09:26.613
3202,2019-12-10 00:00:00.000,Room,LPZ,SFM,lsmith,165,N,2019-12-10 00:00:00.000,189,N,2019-12-10 00:00:00.000,,mlippincot,2019-12-11 11:36:28.203,ngordon,2020-05-22 13:19:22.710
3209,2020-10-21 00:00:00.000,Mgmt,MSQ,COL,mrodriguez,111,N,2020-10-08 00:00:00.000,174,N,2020-10-01 00:00:00.000,,jheyde,2020-11-16 08:35:37.560,D,2020-11-16 08:35:37.560
3209,2022-09-17 00:00:00.000,Prep,COL,LVS,rjunge,338,N,2022-09-17 00:00:00.000,264,U,2022-08-04 00:00:00.000, Weight was taken at The Seas upon arrival.  Length was not so the last measurement from Columbus was entered.,lmcduffie,2022-09-30 11:40:45.633,D,2022-09-30 11:40:45.633
3254,2022-09-15 00:00:00.000,Prep,SWF,HSSWP,creid,377,N,2022-09-15 00:00:00.000,249,N,2022-09-15 00:00:00.000,,lbraso,2022-09-18 07:55:29.303,D,2022-09-18 07:55:29.303
3254,2022-09-27 00:00:00.000,Mgmt,HSSWP,SWF,creid,361,N,2022-09-27 00:00:00.000,249,N,2022-09-15 00:00:00.000,TRANSFERRED DUE TO hURRICANE Ian,lbraso,2022-09-28 04:32:29.703,D,2022-09-28 04:32:29.703
3254,2022-10-06 00:00:00.000,Prep,SWF,HSSWP,dmurphy,360,Y,2022-09-27 00:00:00.000,260,U,2022-10-06 00:00:00.000,Transferred back to HSWSP after Hurricane to continue prep for release.,jgordon,2023-03-26 10:08:17.980,D,2023-03-26 10:08:17.980
3262,2021-05-28 00:00:00.000,Room,LPZ,LVS,lsmith,252,N,2021-05-20 00:00:00.000,223,N,2021-05-20 00:00:00.000,,mlippincot,2021-05-30 11:47:10.213,D,2021-05-30 11:47:10.213
3284,2020-10-21 00:00:00.000,Mgmt,MSQ,COL,mrodriguez,53,N,2020-09-02 00:00:00.000,139,N,2020-09-02 00:00:00.000,,jheyde,2020-11-16 08:39:25.203,D,2020-11-16 08:39:25.203
3284,2023-09-30 00:00:00.000,Prep,COL,SWF,creid,418,N,2023-09-30 00:00:00.000,268,N,2023-07-26 00:00:00.000,,lbraso,2023-10-01 07:28:47.533,D,2023-10-01 07:28:47.533
3295,2023-08-02 00:00:00.000,Room,SWF,WNFH,creid,461,N,2023-08-02 00:00:00.000,298,N,2022-09-08 00:00:00.000,,lbraso,2023-09-18 10:24:18.123,D,2023-09-18 10:24:18.123
3295,2023-11-17 00:00:00.000,Mgmt,WNFH,SWF,creid,465,N,2023-11-17 00:00:00.000,300,N,2023-11-17 00:00:00.000,,lbraso,2023-11-27 08:05:23.460,D,2023-11-27 08:05:23.460
3305,2022-04-27 00:00:00.000,Buddy,LPZ,AQE,mnau,222,N,2022-03-22 00:00:00.000,227,N,2022-03-22 00:00:00.000,,mlippincot,2022-05-02 07:06:45.097,D,2022-05-02 07:06:45.097
3305,2023-01-24 00:00:00.000,Prep,AQE,LPZ,mrodriguez,267,N,2023-01-18 00:00:00.000,243,N,2022-12-05 00:00:00.000,,Kbligh,2023-01-24 16:43:26.087,D,2023-01-24 16:43:26.087
3306,2022-01-15 00:00:00.000,Room,SWF,COL,sdirocco,147,N,2022-01-15 00:00:00.000,145,N,2021-03-26 00:00:00.000,,lbraso,2022-01-16 07:53:00.080,D,2022-01-16 07:53:00.080
3306,2023-09-30 00:00:00.000,Prep,COL,SWF,creid,375,N,2023-09-30 00:00:00.000,250,N,2023-08-09 00:00:00.000,,lbraso,2023-10-01 07:26:38.147,D,2023-10-01 07:26:38.147
3308,2021-04-24 00:00:00.000,Room,LPZ,COL,lsmith,213,N,2021-04-08 00:00:00.000,210,N,2021-04-08 00:00:00.000,,mlippincot,2021-04-24 11:17:00.647,D,2021-04-24 11:17:00.647
3308,2022-09-17 00:00:00.000,Prep,COL,LVS,rjunge,320,N,2022-09-17 00:00:00.000,239,N,2022-08-04 00:00:00.000,Weight was taken upon arrival at The Seas.  Length was not so the last length measurement from Columbus was entered.,lmcduffie,2022-09-30 11:48:40.300,D,2022-09-30 11:48:40.300
3323,2022-01-15 00:00:00.000,Room,SWF,COL,sdirocco,135,N,2022-01-15 00:00:00.000,145,N,2021-03-28 00:00:00.000,,lbraso,2022-01-16 07:54:18.543,D,2022-01-16 07:54:18.543
3323,2023-09-30 00:00:00.000,Prep,COL,SWF,creid,243,N,2023-09-30 00:00:00.000,241,N,2023-08-09 00:00:00.000,,lbraso,2023-10-01 07:30:34.167,D,2023-10-01 07:30:34.167
3323,2024-01-15 00:00:00.000,Room,SWF,Zoo Miami ,gmyers1,295,N,2024-01-15 00:00:00.000,241,N,2024-01-15 00:00:00.000,,khurst,2024-01-29 15:29:53.907,D,2024-01-29 15:29:53.907
3323,2024-02-07 00:00:00.000,Prep,Zoo Miami ,SWF,sdirocco,256,N,2024-02-07 00:00:00.000,241,N,2024-02-07 00:00:00.000,,lbraso,2024-02-07 12:54:39.513,D,2024-02-07 12:54:39.513
3323,2024-07-30 00:00:00.000,Room,SWF,WNFH,sdirocco,343,N,2024-07-30 00:00:00.000,253,N,2024-07-30 00:00:00.000,,lbraso,2024-08-04 05:48:55.617,D,2024-08-04 05:48:55.617
3323,2024-11-27 00:00:00.000,Mgmt,WNFH,SWF,sdirocco,315,N,2024-11-30 00:00:00.000,257,N,2024-11-30 00:00:00.000,transferred due to temps at Welaka,lbraso,2024-12-01 05:43:49.433,D,2024-12-01 05:43:49.433
3348,2021-04-24 00:00:00.000,Room,LPZ,COL,lsmith,195,N,2021-04-08 00:00:00.000,206,N,2021-04-08 00:00:00.000,,mlippincot,2021-04-24 11:20:04.837,D,2021-04-24 11:20:04.837
3348,2022-09-17 00:00:00.000,Prep,COL,LVS,rjunge,336,N,2022-09-17 00:00:00.000,267,N,2022-08-04 00:00:00.000,Weight was taken at The Seas upon arrival.  Length was not so the last measurement from the Columbus Zoo was entered.,lmcduffie,2022-09-30 11:51:59.890,D,2022-09-30 11:51:59.890
3354,2021-03-24 00:00:00.000,Room,SWF,CIN,sdirocco,138,N,2021-03-23 00:00:00.000,185,N,2021-03-23 00:00:00.000,,lbraso,2021-03-24 06:59:27.357,D,2021-03-24 06:59:27.357
3354,2022-10-08 00:00:00.000,Prep,CIN,SWF,LStaggs,297,N,2022-10-08 00:00:00.000,243,N,2022-10-08 00:00:00.000,,lbraso,2022-10-09 12:08:00.783,D,2022-10-09 12:08:00.783
3355,2022-01-31 00:00:00.000,Room,SWF,LVS,sdirocco,286,N,2022-01-31 00:00:00.000,262,N,2022-01-31 00:00:00.000,,lbraso,2022-01-31 10:29:37.050,D,2022-01-31 10:29:37.050
3374,2021-06-08 00:00:00.000,Room,LPZ,SFM,lsmith,188,N,2021-06-08 00:00:00.000,205,N,2021-06-08 00:00:00.000,,mlippincot,2021-06-13 15:18:54.950,D,2021-06-13 15:18:54.950
3376,2022-01-15 00:00:00.000,Room,SWF,COL,sdirocco,136,N,2022-01-15 00:00:00.000,145,N,2021-04-28 00:00:00.000,,lbraso,2022-01-16 07:47:28.473,D,2022-01-16 07:47:28.473
3376,2023-09-30 00:00:00.000,Prep,COL,SWF,creid,370,N,2023-09-30 00:00:00.000,268,N,2023-07-26 00:00:00.000,,lbraso,2023-10-01 07:32:00.937,D,2023-10-01 07:32:00.937
3377,2021-06-08 00:00:00.000,Room,LPZ,SFM,lsmith,243,N,2021-06-08 00:00:00.000,224,N,2021-06-08 00:00:00.000,,mlippincot,2021-06-13 15:20:11.217,D,2021-06-13 15:20:11.217
4379,2021-09-21 00:00:00.000,Room,LPZ,SFM,mnau,152,N,2021-09-02 00:00:00.000,192,N,2021-09-02 00:00:00.000,,mlippincot,2021-10-01 18:52:52.387,D,2021-10-01 18:52:52.387
5378,2021-02-19 00:00:00.000,Room,SWF,LVS,sdirocco,400,N,2021-02-19 00:00:00.000,285,N,2021-02-19 00:00:00.000,,lbraso,2021-02-22 06:34:04.097,D,2021-02-22 06:34:04.097
5379,2022-01-15 00:00:00.000,Room,SWF,COL,DLinderman,141,N,2022-01-15 00:00:00.000,185,N,2021-11-01 00:00:00.000,,lbraso,2022-01-16 07:49:24.727,D,2022-01-16 07:49:24.727
5379,2023-09-30 00:00:00.000,Prep,COL,SWF,creid,306,N,2023-09-30 00:00:00.000,210,N,2023-07-26 00:00:00.000,,lbraso,2023-10-01 07:33:51.527,D,2023-10-01 07:33:51.527
5379,2024-01-15 00:00:00.000,Room,SWF,Zoo Miami ,gmyers1,340,N,2024-01-15 00:00:00.000,243,N,2024-01-15 00:00:00.000,,khurst,2024-01-26 08:58:57.000,D,2024-01-26 08:58:57.000
5379,2024-02-07 00:00:00.000,Prep,Zoo Miami ,SWF,sdirocco,295,N,2024-02-07 00:00:00.000,241,N,2024-02-07 00:00:00.000,,lbraso,2024-02-07 12:52:55.050,D,2024-02-07 12:52:55.050
5379,2024-07-30 00:00:00.000,Room,SWF,WNFH,creid,393,N,2024-07-30 00:00:00.000,245,N,2024-07-30 00:00:00.000,,lbraso,2024-08-04 05:47:22.357,D,2024-08-04 05:47:22.357
5379,2024-11-27 00:00:00.000,Mgmt,WNFH,SWF,sdirocco,347,N,2024-11-30 00:00:00.000,250,N,2024-11-30 00:00:00.000,transferred due to temps at Welaka,lbraso,2024-12-01 05:42:04.967,D,2024-12-01 05:42:04.967
5391,2021-07-09 00:00:00.000,Room,SWF,LVS,sdirocco,220,N,2021-07-09 00:00:00.000,210,N,2021-07-09 00:00:00.000,Dr. Lydia Staggs was attending vet,lbraso,2021-07-11 13:07:47.847,D,2021-07-11 13:07:47.847
5393,2021-09-30 00:00:00.000,Room,LPZ,LVS,mnau,550,N,2021-09-16 00:00:00.000,234,N,2021-09-16 00:00:00.000,,mlippincot,2021-10-01 18:37:54.917,D,2021-10-01 18:37:54.917
5394,2021-02-19 00:00:00.000,Room,SWF,LVS,sdirocco,409,N,2021-02-19 00:00:00.000,272,N,2021-02-19 00:00:00.000,,lbraso,2021-02-22 06:36:07.937,D,2021-02-22 06:36:07.937
6422,2022-01-14 00:00:00.000,Room,SWF,AQE,creid,227,N,2022-01-14 00:00:00.000,213,N,2022-01-14 00:00:00.000,,lbraso,2022-01-16 07:45:27.260,D,2022-01-16 07:45:27.260
6422,2023-01-24 00:00:00.000,Prep,AQE,SWF,mrodriguez,313,N,2022-12-15 00:00:00.000,241,N,2022-12-15 00:00:00.000,,Kbligh,2023-01-24 16:36:27.633,D,2023-01-24 16:36:27.633
7428,2022-11-05 00:00:00.000,Room,LPZ,CIN,mnau,184,N,2022-10-31 00:00:00.000,206,N,2022-10-31 00:00:00.000,,mlippincot,2022-11-07 08:25:20.437,D,2022-11-07 08:25:20.437
7428,2023-09-30 00:00:00.000,Prep,CIN,LPZ,mnau,374,N,2023-09-30 00:00:00.000,239,N,2023-08-31 00:00:00.000,,mlippincot,2023-10-10 09:53:29.150,D,2023-10-10 09:53:29.150
7428,2024-09-16 00:00:00.000,Prep,LPZ,WNFH,mnau,459,N,2024-09-06 00:00:00.000,269,N,2024-09-06 00:00:00.000,,lbraso,2024-09-17 11:31:06.040,D,2024-09-17 11:31:06.040
7428,2024-10-18 00:00:00.000,Mgmt,WNFH,LPZ,mnau,398,N,2024-10-18 00:00:00.000,257,N,2024-10-18 00:00:00.000,Animal had medical concerns.  Recommended to come back to ZooTampa for care. ,mlippincot,2024-10-24 13:44:45.850,D,2024-10-24 13:44:45.850
7429,2022-06-16 00:00:00.000,Room,SWF,HSSWP,creid,515,N,2022-06-16 00:00:00.000,294,N,2022-06-16 00:00:00.000,,lbraso,2022-06-16 09:05:17.550,D,2022-06-16 09:05:17.550
7429,2022-09-27 00:00:00.000,Mgmt,HSSWP,SWF,creid,479,N,2022-09-27 00:00:00.000,294,N,2022-06-16 00:00:00.000,transferred due to hurricane Ian,lbraso,2022-09-28 04:36:40.197,D,2022-09-28 04:36:40.197
7429,2022-10-06 00:00:00.000,Room,SWF,HSSWP,creid,479,N,2022-10-06 00:00:00.000,295,N,2022-10-06 00:00:00.000,,lbraso,2023-03-19 10:15:19.210,D,2023-03-19 10:15:19.210
7441,2022-11-05 00:00:00.000,Room,LPZ,CIN,mnau,215,N,2022-10-31 00:00:00.000,212,N,2022-10-31 00:00:00.000,,mlippincot,2022-11-07 08:18:43.683,D,2022-11-07 08:18:43.683
7441,2023-09-30 00:00:00.000,Prep,CIN,LPZ,mnau,445,N,2023-09-30 00:00:00.000,250,N,2023-10-04 00:00:00.000,,mlippincot,2023-10-10 09:59:46.270,D,2023-10-10 09:59:46.270
7467,2022-11-05 00:00:00.000,Room,LPZ,CIN,mnau,170,N,2022-10-31 00:00:00.000,201,N,2022-10-31 00:00:00.000,,mlippincot,2022-11-07 08:38:18.970,D,2022-11-07 08:38:18.970
7467,2023-09-30 00:00:00.000,Prep,CIN,LPZ,mnau,347,N,2023-09-30 00:00:00.000,223,N,2023-10-04 00:00:00.000,,mlippincot,2023-10-10 09:57:38.673,D,2023-10-10 09:57:38.673
7467,2024-09-16 00:00:00.000,Prep,LPZ,WNFH,mnau,422,N,2024-09-06 00:00:00.000,255,N,2024-09-06 00:00:00.000,,lbraso,2024-09-17 11:32:34.347,D,2024-09-17 11:32:34.347
7467,2024-11-27 00:00:00.000,Mgmt,WNFH,LPZ,mnau,381,N,2024-11-27 00:00:00.000,255,N,2024-09-06 00:00:00.000,,mlippincot,2024-12-03 10:52:09.010,D,2024-12-03 10:52:09.010
7470,2023-03-17 00:00:00.000,Room,LPZ,SFM,mnau,163,N,2023-02-27 00:00:00.000,196,N,2023-02-27 00:00:00.000,,mlippincot,2023-03-21 06:09:56.940,D,2023-03-21 06:09:56.940
7470,2024-02-13 00:00:00.000,Mgmt,SFM,LPZ,dmurphy,257,N,2024-02-13 00:00:00.000,231,N,2023-12-15 00:00:00.000,,vedmonds,2024-02-14 21:25:02.220,D,2024-02-14 21:25:02.220
7494,2021-12-01 00:00:00.000,Med,MSQ,SWF,sdirocco,170,N,2021-12-02 00:00:00.000,208,N,2021-12-06 00:00:00.000,,lbraso,2021-12-06 07:40:02.593,D,2021-12-06 07:40:02.593
8512,2022-03-09 00:00:00.000,Room,SWF,GAQ,creid,88,N,2022-03-09 00:00:00.000,157,N,2022-03-09 00:00:00.000,,lbraso,2022-03-13 06:43:50.823,D,2022-03-13 06:43:50.823
8512,2023-09-06 00:00:00.000,Prep,GAQ,WNFH,tclauss,340,N,2023-09-01 00:00:00.000,240,N,2023-09-01 00:00:00.000,,lbraso,2023-09-24 06:41:59.010,D,2023-09-24 06:41:59.010
8512,2023-09-22 00:00:00.000,Med,WNFH,SWF,creid,304,N,2023-09-22 00:00:00.000,240,N,2023-09-01 00:00:00.000,,lbraso,2023-09-24 06:43:27.640,D,2023-09-24 06:43:27.640
8517,2022-07-23 00:00:00.000,Prep,SWT,SWF,DLinderman,572,N,2022-07-21 00:00:00.000,298,N,2022-07-21 00:00:00.000,,lbraso,2022-07-26 12:10:43.343,D,2022-07-26 12:10:43.343
8518,2022-03-09 00:00:00.000,Room,SWF,GAQ,creid,78,N,2022-03-09 00:00:00.000,154,N,2022-03-09 00:00:00.000,transferred to Ga. aquarium,lbraso,2022-03-13 06:46:08.470,D,2022-03-13 06:46:08.470
8518,2023-09-06 00:00:00.000,Prep,GAQ,WNFH,tclauss,270,N,2023-09-01 00:00:00.000,237,N,2023-09-01 00:00:00.000,,lbraso,2023-09-24 06:44:49.930,D,2023-09-24 06:44:49.930
8518,2023-09-22 00:00:00.000,Med,WNFH,SWF,creid,245,N,2023-09-22 00:00:00.000,237,N,2023-09-01 00:00:00.000,,lbraso,2023-09-24 06:45:51.420,D,2023-09-24 06:45:51.420
8519,2022-01-13 00:00:00.000,Room,SWF,JAX,creid,327,N,2022-01-13 00:00:00.000,257,N,2022-01-13 00:00:00.000,,lbraso,2022-01-16 07:24:22.117,D,2022-01-16 07:24:22.117
8522,2023-01-26 00:00:00.000,Prep,JAX,SWF,mpersky,455,N,2023-01-26 00:00:00.000,280,N,2023-01-25 00:00:00.000,,cmiller,2023-01-26 17:30:39.823,D,2023-01-26 17:30:39.823
8522,2023-08-02 00:00:00.000,Room,SWF,WNFH,creid,581,N,2023-08-02 00:00:00.000,281,N,2023-02-13 00:00:00.000,,lbraso,2023-09-18 10:31:42.853,D,2023-09-18 10:31:42.853
8522,2023-11-17 00:00:00.000,Mgmt,WNFH,SWF,creid,568,N,2023-11-17 00:00:00.000,292,N,2023-11-17 00:00:00.000,,lbraso,2023-11-27 08:07:15.390,D,2023-11-27 08:07:15.390
8522,2024-09-17 00:00:00.000,Buddy,SWF,LVS,creid,759,N,2024-09-17 00:00:00.000,310,N,2024-08-14 00:00:00.000,,lbraso,2024-09-17 11:29:05.803,D,2024-09-17 11:29:05.803
8523,2022-01-13 00:00:00.000,Room,SWF,JAX,DLinderman,468,N,2022-01-13 00:00:00.000,300,N,2022-01-13 00:00:00.000,,lbraso,2022-01-16 07:25:55.113,D,2022-01-16 07:25:55.113
8523,2022-04-12 00:00:00.000,Prep,JAX,MSQ,mpersky,575,N,2022-04-12 00:00:00.000,321,N,2022-04-12 00:00:00.000,"Animal ready to be released in the Keys, but divided the trip in two, so that it was less stressful on manatee and staff.",cmiller,2022-04-20 11:44:53.213,D,2022-04-20 11:44:53.213
8527,2023-02-23 00:00:00.000,Room,SWF,AQE,LStaggs,229,N,2023-02-23 00:00:00.000,213,N,2023-02-23 00:00:00.000,,lbraso,2023-02-26 08:03:25.987,D,2023-02-26 08:03:25.987
8527,2023-10-12 00:00:00.000,Prep,AQE,SWF,DLinderman,365,N,2023-10-12 00:00:00.000,249,N,2023-10-12 00:00:00.000,,lbraso,2023-10-15 05:07:12.977,D,2023-10-15 05:07:12.977
8528,2022-02-14 00:00:00.000,Room,SWF,LVS,sdirocco,461,N,2022-02-14 00:00:00.000,292,N,2022-02-14 00:00:00.000,,lbraso,2022-02-15 09:04:38.060,D,2022-02-15 09:04:38.060
9532,2023-02-23 00:00:00.000,Room,SWF,AQE,LStaggs,195,N,2023-02-23 00:00:00.000,204,N,2023-02-23 00:00:00.000,,lbraso,2023-02-26 08:04:54.280,D,2023-02-26 08:04:54.280
9532,2023-10-12 00:00:00.000,Prep,AQE,SWF,DLinderman,254,N,2023-10-12 00:00:00.000,228,N,2023-10-12 00:00:00.000,,lbraso,2023-10-15 05:08:20.100,D,2023-10-15 05:08:20.100
9560,2022-03-18 00:00:00.000,Mgmt,JAX,SWF,creid,374,N,2022-03-18 00:00:00.000,277,N,2022-03-18 00:00:00.000,,ngordon,2022-03-21 15:05:27.670,D,2022-03-21 15:05:27.670
9598,2024-06-27 00:00:00.000,Mgmt,JAX,SWF,mpersky,767,N,2024-06-27 00:00:00.000,302,N,2024-06-11 00:00:00.000,"Needed to empty our facility to do work on our life support system, especially to eliminate/reduce algae.",cmiller,2024-06-28 08:08:46.667,D,2024-06-28 08:08:46.667
9602,2024-03-05 00:00:00.000,Room,SWF,SFM,sdirocco,163,N,2024-03-05 00:00:00.000,207,N,2024-03-05 00:00:00.000,,lbraso,2024-03-05 08:03:42.803,D,2024-03-05 08:03:42.803
9629,2023-03-17 00:00:00.000,Room,LPZ,SFM,mnau,143,N,2023-03-12 00:00:00.000,184,N,2023-03-12 00:00:00.000,,mlippincot,2023-03-21 06:13:30.690,D,2023-03-21 06:13:30.690
9644,2023-04-06 00:00:00.000,Room,LPZ,LVS,mnau,120,N,2023-03-17 00:00:00.000,172,N,2023-03-17 00:00:00.000,,mlippincot,2023-04-10 15:33:34.603,D,2023-04-10 15:33:34.603
9646,2023-10-01 00:00:00.000,Room,LPZ,CIN,mnau,120,N,2023-09-21 00:00:00.000,181,N,2023-09-21 00:00:00.000,,mlippincot,2023-10-10 10:05:37.867,D,2023-10-10 10:05:37.867
9646,2024-10-06 00:00:00.000,Prep,CIN,LPZ,mnau,324,N,2024-10-06 00:00:00.000,229,N,2024-10-06 00:00:00.000,,mlippincot,2024-10-15 08:46:10.383,D,2024-10-15 08:46:10.383
9654,2023-04-06 00:00:00.000,Room,LPZ,LVS,mnau,229,N,2023-03-17 00:00:00.000,227,N,2023-03-17 00:00:00.000,,mlippincot,2023-04-10 15:34:39.263,D,2023-04-10 15:34:39.263
9658,2023-12-20 00:00:00.000,Mgmt,LPZ,LVS,bnolan,170,N,2023-11-30 00:00:00.000,192,N,2023-11-30 00:00:00.000,,lmcduffie,2024-01-10 07:52:38.200,D,2024-01-10 07:52:38.200
9659,2023-12-16 00:00:00.000,Room,LPZ,AQE,mnau,202,N,2023-11-28 00:00:00.000,208,N,2023-11-28 00:00:00.000,,mlippincot,2023-12-18 07:22:26.133,D,2023-12-18 07:22:26.133
9659,2024-10-03 00:00:00.000,Prep,AQE,WNFH,mrodriguez,264,N,2024-09-07 00:00:00.000,236,N,2024-09-07 00:00:00.000,,lbraso,2024-10-06 10:49:06.970,D,2024-10-06 10:49:06.970
9659,2024-11-27 00:00:00.000,Mgmt,WNFH,SWF,sdirocco,261,N,2024-11-30 00:00:00.000,235,N,2024-11-30 00:00:00.000,transferred due to temps at Welaka,lbraso,2024-12-01 05:40:14.103,D,2024-12-01 05:40:14.103
9660,2023-10-11 00:00:00.000,Room,LPZ,GAQ,mnau,229,N,2023-10-11 00:00:00.000,217,N,2023-10-11 00:00:00.000,,mlippincot,2023-11-07 13:43:41.783,D,2023-11-07 13:43:41.783
9663,2023-10-01 00:00:00.000,Room,LPZ,CIN,mnau,147,N,2023-09-21 00:00:00.000,205,N,2023-09-21 00:00:00.000,,mlippincot,2023-10-10 10:14:10.830,D,2023-10-10 10:14:10.830
9663,2024-10-06 00:00:00.000,Prep,CIN,LPZ,mnau,315,N,2024-10-06 00:00:00.000,240,N,2024-10-06 00:00:00.000,,mlippincot,2024-10-15 08:47:12.337,D,2024-10-15 08:47:12.337
9664,2023-12-16 00:00:00.000,Room,LPZ,AQE,mnau,159,N,2023-11-30 00:00:00.000,196,N,2023-11-30 00:00:00.000,,mlippincot,2023-12-18 07:23:29.483,D,2023-12-18 07:23:29.483
9664,2024-10-03 00:00:00.000,Prep,AQE,WNFH,mrodriguez,286,N,2024-09-07 00:00:00.000,241,N,2024-09-07 00:00:00.000,,lbraso,2024-10-06 10:50:57.110,D,2024-10-06 10:50:57.110
9664,2024-11-27 00:00:00.000,Mgmt,WNFH,SWF,sdirocco,275,N,2024-11-30 00:00:00.000,240,N,2024-11-30 00:00:00.000,transferred due to temps at Welaka,lbraso,2024-12-01 05:38:23.120,D,2024-12-01 05:38:23.120
9665,2023-10-01 00:00:00.000,Room,SWF,COL,LStaggs,168,N,2023-10-01 00:00:00.000,189,N,2023-10-01 00:00:00.000,,lbraso,2023-10-02 05:13:47.957,D,2023-10-02 05:13:47.957
9665,2024-10-06 00:00:00.000,Prep,COL,SWF,rjunge,308,N,2024-09-18 00:00:00.000,220,N,2024-09-18 00:00:00.000,,lbraso,2024-10-06 10:57:56.993,D,2024-10-06 10:57:56.993
9666,2023-10-01 00:00:00.000,Room,SWF,COL,LStaggs,131,N,2023-10-01 00:00:00.000,174,N,2023-10-01 00:00:00.000,,lbraso,2023-10-02 05:15:05.030,D,2023-10-02 05:15:05.030
9666,2024-10-06 00:00:00.000,Prep,COL,SWF,rjunge,225,N,2024-09-18 00:00:00.000,194,N,2024-09-18 00:00:00.000,,lbraso,2024-10-06 10:56:36.603,D,2024-10-06 10:56:36.603
9673,2023-10-11 00:00:00.000,Room,LPZ,GAQ,dmurphy,215,N,2023-10-11 00:00:00.000,209,N,2023-10-11 00:00:00.000,,mlippincot,2023-11-07 13:35:55.590,D,2023-11-07 13:35:55.590
9676,2023-10-01 00:00:00.000,Room,LPZ,CIN,mnau,125,N,2023-09-21 00:00:00.000,182,N,2023-09-21 00:00:00.000,,mlippincot,2023-10-10 10:21:45.577,D,2023-10-10 10:21:45.577
9676,2024-10-06 00:00:00.000,Prep,CIN,LPZ,mnau,267,N,2024-10-06 00:00:00.000,232,N,2024-10-06 00:00:00.000,,mlippincot,2024-10-15 08:45:06.887,D,2024-10-15 08:45:06.887
11728,2024-10-07 00:00:00.000,Room,SWF,COL,rjunge,207,N,2024-10-07 00:00:00.000,192,N,2024-10-07 00:00:00.000,,rjunge,2024-10-09 07:23:09.767,D,2024-10-09 07:23:09.767
11746,2024-02-29 00:00:00.000,Room,LPZ,SFM,mnau,268,N,2024-01-29 00:00:00.000,241,N,2023-11-11 00:00:00.000,,mlippincot,2024-03-14 09:11:06.217,D,2024-03-14 09:11:06.217
11749,2024-10-07 00:00:00.000,Room,LPZ,COL,rjunge,152,N,2024-10-07 00:00:00.000,183,N,2024-10-07 00:00:00.000,,rjunge,2024-10-09 07:25:42.990,D,2024-10-09 07:25:42.990
11761,2024-10-07 00:00:00.000,Room,SWF,CIN,LStaggs,128,N,2024-10-07 00:00:00.000,176,N,2024-10-07 00:00:00.000,,lbraso,2024-11-05 11:26:17.917,D,2024-11-05 11:26:17.917
11764,2024-05-09 00:00:00.000,Room,JAX,GAQ,mpersky,283,N,2024-05-07 00:00:00.000,221,N,2024-05-07 00:00:00.000,,cmiller,2024-05-13 06:41:51.153,D,2024-05-13 06:41:51.153
11764,2024-12-19 00:00:00.000,Prep,GAQ,LVS,tclauss,356,N,2024-12-12 00:00:00.000,237,N,2024-12-12 00:00:00.000,,kmathews,2024-12-20 04:50:26.293,D,2024-12-20 04:50:26.293
11770,2024-10-07 00:00:00.000,Room,SWF,CIN,LStaggs,134,N,2024-10-07 00:00:00.000,177,N,2024-10-07 00:00:00.000,,lbraso,2024-11-05 11:30:41.170,D,2024-11-05 11:30:41.170
11775,2024-02-29 00:00:00.000,Room,LPZ,SFM,mnau,181,N,2024-01-29 00:00:00.000,207,N,2023-12-24 00:00:00.000,,mlippincot,2024-03-14 09:12:41.560,D,2024-03-14 09:12:41.560
11793,2024-07-30 00:00:00.000,Room,LPZ,CMA,smarquardt,219,N,2024-07-30 00:00:00.000,216,N,2024-07-30 00:00:00.000,,tward,2024-07-31 12:01:17.210,D,2024-07-31 12:01:17.210
11793,2024-09-28 00:00:00.000,Mgmt,CMA,LPZ,mnau,206,N,2024-09-28 00:00:00.000,223,N,2024-09-28 00:00:00.000,CMA facility damaged due to Hurricane Helene.  Animals relocated to ZT,mlippincot,2024-10-04 06:12:00.903,D,2024-10-04 06:12:00.903
11797,2024-03-04 00:00:00.000,Room,SWF,LVS,LStaggs,188,N,2024-03-04 00:00:00.000,205,N,2024-03-04 00:00:00.000,,lbraso,2024-03-05 07:47:29.667,D,2024-03-05 07:47:29.667
11798,2024-03-04 00:00:00.000,Room,SWF,LVS,LStaggs,200,N,2024-03-04 00:00:00.000,220,N,2024-03-04 00:00:00.000,,lbraso,2024-03-05 07:49:07.453,D,2024-03-05 07:49:07.453
11799,2024-03-04 00:00:00.000,Room,SWF,LVS,LStaggs,225,N,2024-03-04 00:00:00.000,210,N,2024-03-04 00:00:00.000,,lbraso,2024-03-05 07:51:10.620,D,2024-03-05 07:51:10.620
11801,2024-03-05 00:00:00.000,Room,SWF,SFM,sdirocco,152,N,2024-03-05 00:00:00.000,208,N,2024-03-05 00:00:00.000,,lbraso,2024-03-05 08:02:23.453,D,2024-03-05 08:02:23.453
11804,2024-10-07 00:00:00.000,Room,SWF,COL,rjunge,164,N,2024-10-07 00:00:00.000,187,N,2024-10-07 00:00:00.000,,rjunge,2024-10-09 07:21:29.160,D,2024-10-09 07:21:29.160
11805,2024-05-09 00:00:00.000,Room,SWF,GAQ,sdirocco,200,N,2024-05-09 00:00:00.000,213,N,2024-05-09 00:00:00.000,,lbraso,2024-05-12 06:44:24.337,D,2024-05-12 06:44:24.337
11806,2024-07-30 00:00:00.000,Room,LPZ,CMA,smarquardt,254,N,2024-07-30 00:00:00.000,229,N,2024-07-30 00:00:00.000,,tward,2024-07-31 11:58:18.303,D,2024-07-31 11:58:18.303
11806,2024-09-28 00:00:00.000,Mgmt,CMA,LPZ,mnau,261,N,2024-09-28 00:00:00.000,236,N,2024-09-28 00:00:00.000,CMA facility damaged due to Hurricane Helene.  Animals relocated to ZT,mlippincot,2024-10-04 06:13:18.300,D,2024-10-04 06:13:18.300
11817,2024-07-30 00:00:00.000,Room,SWF,WNFH,DLinderman,290,N,2024-07-30 00:00:00.000,210,N,2024-07-30 00:00:00.000,,lbraso,2024-08-04 05:45:17.360,D,2024-08-04 05:45:17.360
11817,2024-11-27 00:00:00.000,Mgmt,WNFH,SWF,sdirocco,293,N,2024-11-30 00:00:00.000,220,N,2024-11-30 00:00:00.000,transferred due to temps at Welaka,lbraso,2024-12-01 05:54:26.857,D,2024-12-01 05:54:26.857
11821,2024-10-07 00:00:00.000,Room,SWF,CIN,creid,190,N,2024-10-07 00:00:00.000,177,N,2024-10-07 00:00:00.000,,lbraso,2024-11-05 11:31:58.957,D,2024-11-05 11:31:58.957
